[2025-12-11 14:41:47] [FSM] Start at state: WAIT_CAR
[2025-12-11 14:41:47] [FSM] Lancement de l'étape 'WAIT_CAR' via action 'wait_car_step'
[2025-12-11 14:41:48] [FSM] ÉCHEC dans l'étape : WAIT_CAR, arrêt.
[2025-12-11 14:43:25] [FSM] Start at state: WAIT_CAR
[2025-12-11 14:43:25] [FSM] Lancement de l'étape 'WAIT_CAR' via action 'wait_car_step'
[2025-12-11 14:43:27] [FSM] OK : WAIT_CAR → QR
[2025-12-11 14:43:27] [FSM] Lancement de l'étape 'QR' via action 'qr_step'
[2025-12-11 14:43:29] [FSM] OK : QR → FACE
[2025-12-11 14:43:29] [FSM] Lancement de l'étape 'FACE' via action 'face_step'
[2025-12-11 14:43:32] [FSM] OK : FACE → DIALOG
[2025-12-11 14:43:32] [FSM] Lancement de l'étape 'DIALOG' via action 'dialog_step'
[2025-12-11 14:43:34] [FSM] OK : DIALOG → WAIT_CAR
[2025-12-11 14:43:34] [FSM] 🎉 Scénario terminé !
[2025-12-11 14:44:32] [FSM] Start at state: WAIT_CAR
[2025-12-11 14:44:32] [FSM] Lancement de l'étape 'WAIT_CAR' via action 'wait_car_step'
[2025-12-11 14:44:34] [FSM] OK : WAIT_CAR → QR
[2025-12-11 14:44:34] [FSM] Lancement de l'étape 'QR' via action 'qr_step'
[2025-12-11 14:44:36] [FSM] OK : QR → FACE
[2025-12-11 14:44:36] [FSM] Lancement de l'étape 'FACE' via action 'face_step'
[2025-12-11 14:44:39] [FSM] OK : FACE → DIALOG
[2025-12-11 14:44:39] [FSM] Lancement de l'étape 'DIALOG' via action 'dialog_step'
[2025-12-11 14:44:41] [FSM] OK : DIALOG → WAIT_CAR
[2025-12-11 14:44:41] [FSM] 🎉 Scénario terminé !
[2025-12-11 14:46:40] [FSM] Start at state: WAIT_CAR
[2025-12-11 14:46:40] ========== 🔁 Nouveau cycle du scénario ==========
[2025-12-11 14:46:40] [FSM] Lancement de l'étape 'WAIT_CAR' via action 'wait_car_step'
[2025-12-11 14:46:43] [FSM] OK : WAIT_CAR → QR
[2025-12-11 14:46:43] [FSM] Lancement de l'étape 'QR' via action 'qr_step'
[2025-12-11 14:46:45] [FSM] OK : QR → FACE
[2025-12-11 14:46:45] [FSM] Lancement de l'étape 'FACE' via action 'face_step'
[2025-12-11 14:46:48] [FSM] OK : FACE → DIALOG
[2025-12-11 14:46:48] [FSM] Lancement de l'étape 'DIALOG' via action 'dialog_step'
[2025-12-11 14:46:50] [FSM] OK : DIALOG → WAIT_CAR
[2025-12-11 14:46:50] [FSM] 🎉 Scénario terminé ! On recommence...
[2025-12-11 14:46:50] ========== 🔁 Nouveau cycle du scénario ==========
[2025-12-11 14:46:50] [FSM] Lancement de l'étape 'WAIT_CAR' via action 'wait_car_step'
[2025-12-11 14:46:52] [FSM] OK : WAIT_CAR → QR
[2025-12-11 14:46:52] [FSM] Lancement de l'étape 'QR' via action 'qr_step'
[2025-12-11 14:46:54] [FSM] OK : QR → FACE
[2025-12-11 14:46:54] [FSM] Lancement de l'étape 'FACE' via action 'face_step'
[2025-12-11 14:46:57] [FSM] OK : FACE → DIALOG
[2025-12-11 14:46:57] [FSM] Lancement de l'étape 'DIALOG' via action 'dialog_step'
[2025-12-11 14:46:59] [FSM] OK : DIALOG → WAIT_CAR
[2025-12-11 14:46:59] [FSM] 🎉 Scénario terminé ! On recommence...
[2025-12-11 14:46:59] ========== 🔁 Nouveau cycle du scénario ==========
[2025-12-11 14:46:59] [FSM] Lancement de l'étape 'WAIT_CAR' via action 'wait_car_step'
[2025-12-11 14:47:01] [FSM] OK : WAIT_CAR → QR
[2025-12-11 14:47:01] [FSM] Lancement de l'étape 'QR' via action 'qr_step'
[2025-12-11 14:47:03] [FSM] OK : QR → FACE
[2025-12-11 14:47:03] [FSM] Lancement de l'étape 'FACE' via action 'face_step'
[2025-12-11 14:47:06] [FSM] OK : FACE → DIALOG
[2025-12-11 14:47:06] [FSM] Lancement de l'étape 'DIALOG' via action 'dialog_step'
[2025-12-11 14:47:08] [FSM] OK : DIALOG → WAIT_CAR
[2025-12-11 14:47:08] [FSM] 🎉 Scénario terminé ! On recommence...
[2025-12-11 14:47:08] ========== 🔁 Nouveau cycle du scénario ==========
[2025-12-11 14:47:08] [FSM] Lancement de l'étape 'WAIT_CAR' via action 'wait_car_step'
[2025-12-11 14:47:10] [FSM] OK : WAIT_CAR → QR
[2025-12-11 14:47:10] [FSM] Lancement de l'étape 'QR' via action 'qr_step'
[2025-12-11 14:47:13] [FSM] OK : QR → FACE
[2025-12-11 14:47:13] [FSM] Lancement de l'étape 'FACE' via action 'face_step'
[2025-12-11 14:47:16] [FSM] OK : FACE → DIALOG
[2025-12-11 14:47:16] [FSM] Lancement de l'étape 'DIALOG' via action 'dialog_step'
[2025-12-11 14:47:18] [FSM] OK : DIALOG → WAIT_CAR
[2025-12-11 14:47:18] [FSM] 🎉 Scénario terminé ! On recommence...
[2025-12-11 14:47:18] ========== 🔁 Nouveau cycle du scénario ==========
[2025-12-11 14:47:18] [FSM] Lancement de l'étape 'WAIT_CAR' via action 'wait_car_step'
[2025-12-11 14:47:20] [FSM] OK : WAIT_CAR → QR
[2025-12-11 14:47:20] [FSM] Lancement de l'étape 'QR' via action 'qr_step'
[2025-12-11 14:47:22] [FSM] OK : QR → FACE
[2025-12-11 14:47:22] [FSM] Lancement de l'étape 'FACE' via action 'face_step'
[2025-12-11 14:47:25] [FSM] OK : FACE → DIALOG
[2025-12-11 14:47:25] [FSM] Lancement de l'étape 'DIALOG' via action 'dialog_step'
[2025-12-11 14:47:27] [FSM] OK : DIALOG → WAIT_CAR
[2025-12-11 14:47:27] [FSM] 🎉 Scénario terminé ! On recommence...
[2025-12-11 14:47:27] ========== 🔁 Nouveau cycle du scénario ==========
[2025-12-11 14:47:27] [FSM] Lancement de l'étape 'WAIT_CAR' via action 'wait_car_step'
[2025-12-11 14:47:29] [FSM] OK : WAIT_CAR → QR
[2025-12-11 14:47:29] [FSM] Lancement de l'étape 'QR' via action 'qr_step'
[2025-12-11 14:47:32] [FSM] OK : QR → FACE
[2025-12-11 14:47:32] [FSM] Lancement de l'étape 'FACE' via action 'face_step'
[2025-12-11 14:47:35] [FSM] OK : FACE → DIALOG
[2025-12-11 14:47:35] [FSM] Lancement de l'étape 'DIALOG' via action 'dialog_step'
[2025-12-11 14:47:37] [FSM] OK : DIALOG → WAIT_CAR
[2025-12-11 14:47:37] [FSM] 🎉 Scénario terminé ! On recommence...
[2025-12-11 14:47:37] ========== 🔁 Nouveau cycle du scénario ==========
[2025-12-11 14:47:37] [FSM] Lancement de l'étape 'WAIT_CAR' via action 'wait_car_step'
[2025-12-11 14:47:39] [FSM] OK : WAIT_CAR → QR
[2025-12-11 14:47:39] [FSM] Lancement de l'étape 'QR' via action 'qr_step'
[2025-12-11 14:47:41] [FSM] OK : QR → FACE
[2025-12-11 14:47:41] [FSM] Lancement de l'étape 'FACE' via action 'face_step'
[2025-12-11 14:47:44] [FSM] OK : FACE → DIALOG
[2025-12-11 14:47:44] [FSM] Lancement de l'étape 'DIALOG' via action 'dialog_step'
[2025-12-11 14:47:46] [FSM] OK : DIALOG → WAIT_CAR
[2025-12-11 14:47:46] [FSM] 🎉 Scénario terminé ! On recommence...
[2025-12-11 14:47:46] ========== 🔁 Nouveau cycle du scénario ==========
[2025-12-11 14:47:46] [FSM] Lancement de l'étape 'WAIT_CAR' via action 'wait_car_step'
[2025-12-11 14:47:48] [FSM] OK : WAIT_CAR → QR
[2025-12-11 14:47:48] [FSM] Lancement de l'étape 'QR' via action 'qr_step'
[2025-12-11 14:47:50] [FSM] OK : QR → FACE
[2025-12-11 14:47:50] [FSM] Lancement de l'étape 'FACE' via action 'face_step'
[2025-12-11 14:47:53] [FSM] OK : FACE → DIALOG
[2025-12-11 14:47:53] [FSM] Lancement de l'étape 'DIALOG' via action 'dialog_step'
[2025-12-11 14:47:55] [FSM] OK : DIALOG → WAIT_CAR
[2025-12-11 14:47:55] [FSM] 🎉 Scénario terminé ! On recommence...
[2025-12-11 14:47:55] ========== 🔁 Nouveau cycle du scénario ==========
[2025-12-11 14:47:55] [FSM] Lancement de l'étape 'WAIT_CAR' via action 'wait_car_step'
[2025-12-11 14:47:57] [FSM] OK : WAIT_CAR → QR
[2025-12-11 14:47:57] [FSM] Lancement de l'étape 'QR' via action 'qr_step'
[2025-12-11 14:47:59] [FSM] OK : QR → FACE
[2025-12-11 14:47:59] [FSM] Lancement de l'étape 'FACE' via action 'face_step'
[2025-12-11 14:48:02] [FSM] OK : FACE → DIALOG
[2025-12-11 14:48:02] [FSM] Lancement de l'étape 'DIALOG' via action 'dialog_step'
[2025-12-11 14:48:04] [FSM] OK : DIALOG → WAIT_CAR
[2025-12-11 14:48:04] [FSM] 🎉 Scénario terminé ! On recommence...
[2025-12-11 14:48:04] ========== 🔁 Nouveau cycle du scénario ==========
[2025-12-11 14:48:04] [FSM] Lancement de l'étape 'WAIT_CAR' via action 'wait_car_step'
[2025-12-11 14:48:06] [FSM] OK : WAIT_CAR → QR
[2025-12-11 14:48:06] [FSM] Lancement de l'étape 'QR' via action 'qr_step'
[2025-12-11 14:48:09] [FSM] OK : QR → FACE
[2025-12-11 14:48:09] [FSM] Lancement de l'étape 'FACE' via action 'face_step'
[2025-12-11 14:48:12] [FSM] OK : FACE → DIALOG
[2025-12-11 14:48:12] [FSM] Lancement de l'étape 'DIALOG' via action 'dialog_step'
[2025-12-11 14:48:14] [FSM] OK : DIALOG → WAIT_CAR
[2025-12-11 14:48:14] [FSM] 🎉 Scénario terminé ! On recommence...
[2025-12-11 14:48:14] ========== 🔁 Nouveau cycle du scénario ==========
[2025-12-11 14:48:14] [FSM] Lancement de l'étape 'WAIT_CAR' via action 'wait_car_step'
[2025-12-11 14:48:16] [FSM] OK : WAIT_CAR → QR
[2025-12-11 14:48:16] [FSM] Lancement de l'étape 'QR' via action 'qr_step'
[2025-12-11 14:48:18] [FSM] OK : QR → FACE
[2025-12-11 14:48:18] [FSM] Lancement de l'étape 'FACE' via action 'face_step'
[2025-12-11 14:48:21] [FSM] OK : FACE → DIALOG
[2025-12-11 14:48:21] [FSM] Lancement de l'étape 'DIALOG' via action 'dialog_step'
[2025-12-11 14:48:23] [FSM] OK : DIALOG → WAIT_CAR
[2025-12-11 14:48:23] [FSM] 🎉 Scénario terminé ! On recommence...
[2025-12-11 14:48:23] ========== 🔁 Nouveau cycle du scénario ==========
[2025-12-11 14:48:23] [FSM] Lancement de l'étape 'WAIT_CAR' via action 'wait_car_step'
[2025-12-11 14:48:25] [FSM] OK : WAIT_CAR → QR
[2025-12-11 14:48:25] [FSM] Lancement de l'étape 'QR' via action 'qr_step'
[2025-12-11 14:48:27] [FSM] OK : QR → FACE
[2025-12-11 14:48:27] [FSM] Lancement de l'étape 'FACE' via action 'face_step'
[2025-12-11 14:48:30] [FSM] OK : FACE → DIALOG
[2025-12-11 14:48:30] [FSM] Lancement de l'étape 'DIALOG' via action 'dialog_step'
[2025-12-11 14:48:32] [FSM] OK : DIALOG → WAIT_CAR
[2025-12-11 14:48:32] [FSM] 🎉 Scénario terminé ! On recommence...
[2025-12-11 14:48:32] ========== 🔁 Nouveau cycle du scénario ==========
[2025-12-11 14:48:32] [FSM] Lancement de l'étape 'WAIT_CAR' via action 'wait_car_step'
[2025-12-11 14:48:34] [FSM] OK : WAIT_CAR → QR
[2025-12-11 14:48:34] [FSM] Lancement de l'étape 'QR' via action 'qr_step'
[2025-12-11 14:48:36] [FSM] OK : QR → FACE
[2025-12-11 14:48:36] [FSM] Lancement de l'étape 'FACE' via action 'face_step'
[2025-12-11 14:48:40] [FSM] OK : FACE → DIALOG
[2025-12-11 14:48:40] [FSM] Lancement de l'étape 'DIALOG' via action 'dialog_step'
[2025-12-11 14:48:42] [FSM] OK : DIALOG → WAIT_CAR
[2025-12-11 14:48:42] [FSM] 🎉 Scénario terminé ! On recommence...
[2025-12-11 14:48:42] ========== 🔁 Nouveau cycle du scénario ==========
[2025-12-11 14:48:42] [FSM] Lancement de l'étape 'WAIT_CAR' via action 'wait_car_step'
[2025-12-11 14:48:44] [FSM] OK : WAIT_CAR → QR
[2025-12-11 14:48:44] [FSM] Lancement de l'étape 'QR' via action 'qr_step'
[2025-12-11 14:48:46] [FSM] OK : QR → FACE
[2025-12-11 14:48:46] [FSM] Lancement de l'étape 'FACE' via action 'face_step'
[2025-12-11 14:48:49] [FSM] OK : FACE → DIALOG
[2025-12-11 14:48:49] [FSM] Lancement de l'étape 'DIALOG' via action 'dialog_step'
[2025-12-11 14:48:51] [FSM] OK : DIALOG → WAIT_CAR
[2025-12-11 14:48:51] [FSM] 🎉 Scénario terminé ! On recommence...
[2025-12-11 14:48:51] ========== 🔁 Nouveau cycle du scénario ==========
[2025-12-11 14:48:51] [FSM] Lancement de l'étape 'WAIT_CAR' via action 'wait_car_step'
[2025-12-11 14:48:53] [FSM] OK : WAIT_CAR → QR
[2025-12-11 14:48:53] [FSM] Lancement de l'étape 'QR' via action 'qr_step'
[2025-12-11 14:48:55] [FSM] OK : QR → FACE
[2025-12-11 14:48:55] [FSM] Lancement de l'étape 'FACE' via action 'face_step'
[2025-12-11 14:48:58] [FSM] OK : FACE → DIALOG
[2025-12-11 14:48:58] [FSM] Lancement de l'étape 'DIALOG' via action 'dialog_step'
[2025-12-11 14:49:00] [FSM] OK : DIALOG → WAIT_CAR
[2025-12-11 14:49:00] [FSM] 🎉 Scénario terminé ! On recommence...
[2025-12-11 14:49:00] ========== 🔁 Nouveau cycle du scénario ==========
[2025-12-11 14:49:00] [FSM] Lancement de l'étape 'WAIT_CAR' via action 'wait_car_step'
[2025-12-11 14:49:02] [FSM] OK : WAIT_CAR → QR
[2025-12-11 14:49:02] [FSM] Lancement de l'étape 'QR' via action 'qr_step'
[2025-12-11 14:49:04] [FSM] OK : QR → FACE
[2025-12-11 14:49:04] [FSM] Lancement de l'étape 'FACE' via action 'face_step'
[2025-12-11 14:49:08] [FSM] OK : FACE → DIALOG
[2025-12-11 14:49:08] [FSM] Lancement de l'étape 'DIALOG' via action 'dialog_step'
[2025-12-11 14:49:10] [FSM] OK : DIALOG → WAIT_CAR
[2025-12-11 14:49:10] [FSM] 🎉 Scénario terminé ! On recommence...
[2025-12-11 14:49:10] ========== 🔁 Nouveau cycle du scénario ==========
[2025-12-11 14:49:10] [FSM] Lancement de l'étape 'WAIT_CAR' via action 'wait_car_step'
[2025-12-11 14:49:12] [FSM] OK : WAIT_CAR → QR
[2025-12-11 14:49:12] [FSM] Lancement de l'étape 'QR' via action 'qr_step'
[2025-12-11 14:49:14] [FSM] OK : QR → FACE
[2025-12-11 14:49:14] [FSM] Lancement de l'étape 'FACE' via action 'face_step'
[2025-12-11 14:49:17] [FSM] OK : FACE → DIALOG
[2025-12-11 14:49:17] [FSM] Lancement de l'étape 'DIALOG' via action 'dialog_step'
[2025-12-11 14:49:19] [FSM] OK : DIALOG → WAIT_CAR
[2025-12-11 14:49:19] [FSM] 🎉 Scénario terminé ! On recommence...
[2025-12-11 14:49:19] ========== 🔁 Nouveau cycle du scénario ==========
[2025-12-11 14:49:19] [FSM] Lancement de l'étape 'WAIT_CAR' via action 'wait_car_step'
[2025-12-11 14:49:21] [FSM] OK : WAIT_CAR → QR
[2025-12-11 14:49:21] [FSM] Lancement de l'étape 'QR' via action 'qr_step'
[2025-12-11 14:49:23] [FSM] OK : QR → FACE
[2025-12-11 14:49:23] [FSM] Lancement de l'étape 'FACE' via action 'face_step'
[2025-12-11 14:49:26] [FSM] OK : FACE → DIALOG
[2025-12-11 14:49:26] [FSM] Lancement de l'étape 'DIALOG' via action 'dialog_step'
[2025-12-11 14:49:28] [FSM] OK : DIALOG → WAIT_CAR
[2025-12-11 14:49:28] [FSM] 🎉 Scénario terminé ! On recommence...
[2025-12-11 14:49:28] ========== 🔁 Nouveau cycle du scénario ==========
[2025-12-11 14:49:28] [FSM] Lancement de l'étape 'WAIT_CAR' via action 'wait_car_step'
[2025-12-11 14:49:31] [FSM] OK : WAIT_CAR → QR
[2025-12-11 14:49:31] [FSM] Lancement de l'étape 'QR' via action 'qr_step'
[2025-12-11 14:49:33] [FSM] OK : QR → FACE
[2025-12-11 14:49:33] [FSM] Lancement de l'étape 'FACE' via action 'face_step'
[2025-12-11 14:49:36] [FSM] OK : FACE → DIALOG
[2025-12-11 14:49:36] [FSM] Lancement de l'étape 'DIALOG' via action 'dialog_step'
[2025-12-11 14:49:38] [FSM] OK : DIALOG → WAIT_CAR
[2025-12-11 14:49:38] [FSM] 🎉 Scénario terminé ! On recommence...
[2025-12-11 14:49:38] ========== 🔁 Nouveau cycle du scénario ==========
[2025-12-11 14:49:38] [FSM] Lancement de l'étape 'WAIT_CAR' via action 'wait_car_step'
[2025-12-11 14:49:40] [FSM] OK : WAIT_CAR → QR
[2025-12-11 14:49:40] [FSM] Lancement de l'étape 'QR' via action 'qr_step'
[2025-12-11 14:49:42] [FSM] OK : QR → FACE
[2025-12-11 14:49:42] [FSM] Lancement de l'étape 'FACE' via action 'face_step'
[2025-12-11 14:49:45] [FSM] OK : FACE → DIALOG
[2025-12-11 14:49:45] [FSM] Lancement de l'étape 'DIALOG' via action 'dialog_step'
[2025-12-11 14:49:47] [FSM] OK : DIALOG → WAIT_CAR
[2025-12-11 14:49:47] [FSM] 🎉 Scénario terminé ! On recommence...
[2025-12-11 14:49:47] ========== 🔁 Nouveau cycle du scénario ==========
[2025-12-11 14:49:47] [FSM] Lancement de l'étape 'WAIT_CAR' via action 'wait_car_step'
[2025-12-11 14:49:49] [FSM] OK : WAIT_CAR → QR
[2025-12-11 14:49:49] [FSM] Lancement de l'étape 'QR' via action 'qr_step'
[2025-12-11 14:49:51] [FSM] OK : QR → FACE
[2025-12-11 14:49:51] [FSM] Lancement de l'étape 'FACE' via action 'face_step'
[2025-12-11 14:49:55] [FSM] OK : FACE → DIALOG
[2025-12-11 14:49:55] [FSM] Lancement de l'étape 'DIALOG' via action 'dialog_step'
[2025-12-11 14:49:57] [FSM] OK : DIALOG → WAIT_CAR
[2025-12-11 14:49:57] [FSM] 🎉 Scénario terminé ! On recommence...
[2025-12-11 14:49:57] ========== 🔁 Nouveau cycle du scénario ==========
[2025-12-11 14:49:57] [FSM] Lancement de l'étape 'WAIT_CAR' via action 'wait_car_step'
[2025-12-11 14:49:59] [FSM] OK : WAIT_CAR → QR
[2025-12-11 14:49:59] [FSM] Lancement de l'étape 'QR' via action 'qr_step'
[2025-12-11 14:50:01] [FSM] OK : QR → FACE
[2025-12-11 14:50:01] [FSM] Lancement de l'étape 'FACE' via action 'face_step'
[2025-12-11 14:50:04] [FSM] OK : FACE → DIALOG
[2025-12-11 14:50:04] [FSM] Lancement de l'étape 'DIALOG' via action 'dialog_step'
[2025-12-11 14:50:06] [FSM] OK : DIALOG → WAIT_CAR
[2025-12-11 14:50:06] [FSM] 🎉 Scénario terminé ! On recommence...
[2025-12-11 14:50:06] ========== 🔁 Nouveau cycle du scénario ==========
[2025-12-11 14:50:06] [FSM] Lancement de l'étape 'WAIT_CAR' via action 'wait_car_step'
[2025-12-11 14:50:08] [FSM] OK : WAIT_CAR → QR
[2025-12-11 14:50:08] [FSM] Lancement de l'étape 'QR' via action 'qr_step'
[2025-12-11 14:50:10] [FSM] OK : QR → FACE
[2025-12-11 14:50:10] [FSM] Lancement de l'étape 'FACE' via action 'face_step'
[2025-12-11 14:50:13] [FSM] OK : FACE → DIALOG
[2025-12-11 14:50:13] [FSM] Lancement de l'étape 'DIALOG' via action 'dialog_step'
[2025-12-11 14:50:15] [FSM] OK : DIALOG → WAIT_CAR
[2025-12-11 14:50:15] [FSM] 🎉 Scénario terminé ! On recommence...
[2025-12-11 14:50:15] ========== 🔁 Nouveau cycle du scénario ==========
[2025-12-11 14:50:15] [FSM] Lancement de l'étape 'WAIT_CAR' via action 'wait_car_step'
[2025-12-11 14:50:18] [FSM] OK : WAIT_CAR → QR
[2025-12-11 14:50:18] [FSM] Lancement de l'étape 'QR' via action 'qr_step'
[2025-12-11 14:50:20] [FSM] OK : QR → FACE
[2025-12-11 14:50:20] [FSM] Lancement de l'étape 'FACE' via action 'face_step'
[2025-12-11 14:50:23] [FSM] OK : FACE → DIALOG
[2025-12-11 14:50:23] [FSM] Lancement de l'étape 'DIALOG' via action 'dialog_step'
[2025-12-11 14:50:25] [FSM] OK : DIALOG → WAIT_CAR
[2025-12-11 14:50:25] [FSM] 🎉 Scénario terminé ! On recommence...
[2025-12-11 14:50:25] ========== 🔁 Nouveau cycle du scénario ==========
[2025-12-11 14:50:25] [FSM] Lancement de l'étape 'WAIT_CAR' via action 'wait_car_step'
[2025-12-11 14:50:27] [FSM] OK : WAIT_CAR → QR
[2025-12-11 14:50:27] [FSM] Lancement de l'étape 'QR' via action 'qr_step'
[2025-12-11 14:50:29] [FSM] OK : QR → FACE
[2025-12-11 14:50:29] [FSM] Lancement de l'étape 'FACE' via action 'face_step'
[2025-12-11 14:50:32] [FSM] OK : FACE → DIALOG
[2025-12-11 14:50:32] [FSM] Lancement de l'étape 'DIALOG' via action 'dialog_step'
[2025-12-11 14:50:34] [FSM] OK : DIALOG → WAIT_CAR
[2025-12-11 14:50:34] [FSM] 🎉 Scénario terminé ! On recommence...
[2025-12-11 14:50:34] ========== 🔁 Nouveau cycle du scénario ==========
[2025-12-11 14:50:34] [FSM] Lancement de l'étape 'WAIT_CAR' via action 'wait_car_step'
[2025-12-11 14:50:36] [FSM] OK : WAIT_CAR → QR
[2025-12-11 14:50:36] [FSM] Lancement de l'étape 'QR' via action 'qr_step'
[2025-12-11 14:50:39] [FSM] OK : QR → FACE
[2025-12-11 14:50:39] [FSM] Lancement de l'étape 'FACE' via action 'face_step'
[2025-12-11 14:50:42] [FSM] OK : FACE → DIALOG
[2025-12-11 14:50:42] [FSM] Lancement de l'étape 'DIALOG' via action 'dialog_step'
[2025-12-11 14:50:44] [FSM] OK : DIALOG → WAIT_CAR
[2025-12-11 14:50:44] [FSM] 🎉 Scénario terminé ! On recommence...
[2025-12-11 14:50:44] ========== 🔁 Nouveau cycle du scénario ==========
[2025-12-11 14:50:44] [FSM] Lancement de l'étape 'WAIT_CAR' via action 'wait_car_step'
[2025-12-11 14:50:46] [FSM] OK : WAIT_CAR → QR
[2025-12-11 14:50:46] [FSM] Lancement de l'étape 'QR' via action 'qr_step'
[2025-12-11 14:50:48] [FSM] OK : QR → FACE
[2025-12-11 14:50:48] [FSM] Lancement de l'étape 'FACE' via action 'face_step'
[2025-12-11 14:50:51] [FSM] OK : FACE → DIALOG
[2025-12-11 14:50:51] [FSM] Lancement de l'étape 'DIALOG' via action 'dialog_step'
[2025-12-11 14:50:53] [FSM] OK : DIALOG → WAIT_CAR
[2025-12-11 14:50:53] [FSM] 🎉 Scénario terminé ! On recommence...
[2025-12-11 14:50:53] ========== 🔁 Nouveau cycle du scénario ==========
[2025-12-11 14:50:53] [FSM] Lancement de l'étape 'WAIT_CAR' via action 'wait_car_step'
[2025-12-11 14:50:55] [FSM] OK : WAIT_CAR → QR
[2025-12-11 14:50:55] [FSM] Lancement de l'étape 'QR' via action 'qr_step'
[2025-12-11 14:50:57] [FSM] OK : QR → FACE
[2025-12-11 14:50:57] [FSM] Lancement de l'étape 'FACE' via action 'face_step'
[2025-12-11 14:51:01] [FSM] OK : FACE → DIALOG
[2025-12-11 14:51:01] [FSM] Lancement de l'étape 'DIALOG' via action 'dialog_step'
[2025-12-11 14:51:03] [FSM] OK : DIALOG → WAIT_CAR
[2025-12-11 14:51:03] [FSM] 🎉 Scénario terminé ! On recommence...
[2025-12-11 14:51:03] ========== 🔁 Nouveau cycle du scénario ==========
[2025-12-11 14:51:03] [FSM] Lancement de l'étape 'WAIT_CAR' via action 'wait_car_step'
[2025-12-11 14:51:05] [FSM] OK : WAIT_CAR → QR
[2025-12-11 14:51:05] [FSM] Lancement de l'étape 'QR' via action 'qr_step'
[2025-12-11 14:51:07] [FSM] OK : QR → FACE
[2025-12-11 14:51:07] [FSM] Lancement de l'étape 'FACE' via action 'face_step'
[2025-12-11 14:51:10] [FSM] OK : FACE → DIALOG
[2025-12-11 14:51:10] [FSM] Lancement de l'étape 'DIALOG' via action 'dialog_step'
[2025-12-11 14:51:12] [FSM] OK : DIALOG → WAIT_CAR
[2025-12-11 14:51:12] [FSM] 🎉 Scénario terminé ! On recommence...
[2025-12-11 14:51:12] ========== 🔁 Nouveau cycle du scénario ==========
[2025-12-11 14:51:12] [FSM] Lancement de l'étape 'WAIT_CAR' via action 'wait_car_step'
[2025-12-11 14:51:14] [FSM] OK : WAIT_CAR → QR
[2025-12-11 14:51:14] [FSM] Lancement de l'étape 'QR' via action 'qr_step'
[2025-12-11 14:51:16] [FSM] OK : QR → FACE
[2025-12-11 14:51:16] [FSM] Lancement de l'étape 'FACE' via action 'face_step'
[2025-12-11 14:51:20] [FSM] OK : FACE → DIALOG
[2025-12-11 14:51:20] [FSM] Lancement de l'étape 'DIALOG' via action 'dialog_step'
[2025-12-11 14:51:22] [FSM] OK : DIALOG → WAIT_CAR
[2025-12-11 14:51:22] [FSM] 🎉 Scénario terminé ! On recommence...
[2025-12-11 14:51:22] ========== 🔁 Nouveau cycle du scénario ==========
[2025-12-11 14:51:22] [FSM] Lancement de l'étape 'WAIT_CAR' via action 'wait_car_step'
[2025-12-11 14:51:24] [FSM] OK : WAIT_CAR → QR
[2025-12-11 14:51:24] [FSM] Lancement de l'étape 'QR' via action 'qr_step'
[2025-12-11 14:51:26] [FSM] OK : QR → FACE
[2025-12-11 14:51:26] [FSM] Lancement de l'étape 'FACE' via action 'face_step'
[2025-12-11 14:51:29] [FSM] OK : FACE → DIALOG
[2025-12-11 14:51:29] [FSM] Lancement de l'étape 'DIALOG' via action 'dialog_step'
[2025-12-11 14:51:31] [FSM] OK : DIALOG → WAIT_CAR
[2025-12-11 14:51:31] [FSM] 🎉 Scénario terminé ! On recommence...
[2025-12-11 14:51:31] ========== 🔁 Nouveau cycle du scénario ==========
[2025-12-11 14:51:31] [FSM] Lancement de l'étape 'WAIT_CAR' via action 'wait_car_step'
[2025-12-11 14:51:33] [FSM] OK : WAIT_CAR → QR
[2025-12-11 14:51:33] [FSM] Lancement de l'étape 'QR' via action 'qr_step'
[2025-12-11 14:51:36] [FSM] OK : QR → FACE
[2025-12-11 14:51:36] [FSM] Lancement de l'étape 'FACE' via action 'face_step'
[2025-12-11 14:51:39] [FSM] OK : FACE → DIALOG
[2025-12-11 14:51:39] [FSM] Lancement de l'étape 'DIALOG' via action 'dialog_step'
[2025-12-11 14:51:41] [FSM] OK : DIALOG → WAIT_CAR
[2025-12-11 14:51:41] [FSM] 🎉 Scénario terminé ! On recommence...
[2025-12-11 14:51:41] ========== 🔁 Nouveau cycle du scénario ==========
[2025-12-11 14:51:41] [FSM] Lancement de l'étape 'WAIT_CAR' via action 'wait_car_step'
[2025-12-11 14:51:43] [FSM] OK : WAIT_CAR → QR
[2025-12-11 14:51:43] [FSM] Lancement de l'étape 'QR' via action 'qr_step'
[2025-12-11 14:51:45] [FSM] OK : QR → FACE
[2025-12-11 14:51:45] [FSM] Lancement de l'étape 'FACE' via action 'face_step'
[2025-12-11 14:51:48] [FSM] OK : FACE → DIALOG
[2025-12-11 14:51:48] [FSM] Lancement de l'étape 'DIALOG' via action 'dialog_step'
[2025-12-11 14:51:50] [FSM] OK : DIALOG → WAIT_CAR
[2025-12-11 14:51:50] [FSM] 🎉 Scénario terminé ! On recommence...
[2025-12-11 14:51:50] ========== 🔁 Nouveau cycle du scénario ==========
[2025-12-11 14:51:50] [FSM] Lancement de l'étape 'WAIT_CAR' via action 'wait_car_step'
[2025-12-11 14:51:52] [FSM] OK : WAIT_CAR → QR
[2025-12-11 14:51:52] [FSM] Lancement de l'étape 'QR' via action 'qr_step'
[2025-12-11 14:51:55] [FSM] OK : QR → FACE
[2025-12-11 14:51:55] [FSM] Lancement de l'étape 'FACE' via action 'face_step'
[2025-12-11 14:51:58] [FSM] OK : FACE → DIALOG
[2025-12-11 14:51:58] [FSM] Lancement de l'étape 'DIALOG' via action 'dialog_step'
[2025-12-11 14:52:00] [FSM] OK : DIALOG → WAIT_CAR
[2025-12-11 14:52:00] [FSM] 🎉 Scénario terminé ! On recommence...
[2025-12-11 14:52:00] ========== 🔁 Nouveau cycle du scénario ==========
[2025-12-11 14:52:00] [FSM] Lancement de l'étape 'WAIT_CAR' via action 'wait_car_step'
[2025-12-11 14:52:02] [FSM] OK : WAIT_CAR → QR
[2025-12-11 14:52:02] [FSM] Lancement de l'étape 'QR' via action 'qr_step'
[2025-12-11 14:52:04] [FSM] OK : QR → FACE
[2025-12-11 14:52:04] [FSM] Lancement de l'étape 'FACE' via action 'face_step'
[2025-12-11 14:52:07] [FSM] OK : FACE → DIALOG
[2025-12-11 14:52:07] [FSM] Lancement de l'étape 'DIALOG' via action 'dialog_step'
[2025-12-11 14:52:09] [FSM] OK : DIALOG → WAIT_CAR
[2025-12-11 14:52:09] [FSM] 🎉 Scénario terminé ! On recommence...
[2025-12-11 14:52:09] ========== 🔁 Nouveau cycle du scénario ==========
[2025-12-11 14:52:09] [FSM] Lancement de l'étape 'WAIT_CAR' via action 'wait_car_step'
[2025-12-11 14:52:12] [FSM] OK : WAIT_CAR → QR
[2025-12-11 14:52:12] [FSM] Lancement de l'étape 'QR' via action 'qr_step'
[2025-12-11 14:52:14] [FSM] OK : QR → FACE
[2025-12-11 14:52:14] [FSM] Lancement de l'étape 'FACE' via action 'face_step'
[2025-12-11 14:52:17] [FSM] OK : FACE → DIALOG
[2025-12-11 14:52:17] [FSM] Lancement de l'étape 'DIALOG' via action 'dialog_step'
[2025-12-11 14:52:19] [FSM] OK : DIALOG → WAIT_CAR
[2025-12-11 14:52:19] [FSM] 🎉 Scénario terminé ! On recommence...
[2025-12-11 14:52:19] ========== 🔁 Nouveau cycle du scénario ==========
[2025-12-11 14:52:19] [FSM] Lancement de l'étape 'WAIT_CAR' via action 'wait_car_step'
[2025-12-11 14:52:21] [FSM] OK : WAIT_CAR → QR
[2025-12-11 14:52:21] [FSM] Lancement de l'étape 'QR' via action 'qr_step'
[2025-12-11 14:52:23] [FSM] OK : QR → FACE
[2025-12-11 14:52:23] [FSM] Lancement de l'étape 'FACE' via action 'face_step'
[2025-12-11 14:52:27] [FSM] OK : FACE → DIALOG
[2025-12-11 14:52:27] [FSM] Lancement de l'étape 'DIALOG' via action 'dialog_step'
[2025-12-11 14:52:29] [FSM] OK : DIALOG → WAIT_CAR
[2025-12-11 14:52:29] [FSM] 🎉 Scénario terminé ! On recommence...
[2025-12-11 14:52:29] ========== 🔁 Nouveau cycle du scénario ==========
[2025-12-11 14:52:29] [FSM] Lancement de l'étape 'WAIT_CAR' via action 'wait_car_step'
[2025-12-11 14:52:31] [FSM] OK : WAIT_CAR → QR
[2025-12-11 14:52:31] [FSM] Lancement de l'étape 'QR' via action 'qr_step'
[2025-12-11 14:52:33] [FSM] OK : QR → FACE
[2025-12-11 14:52:33] [FSM] Lancement de l'étape 'FACE' via action 'face_step'
[2025-12-11 14:52:36] [FSM] OK : FACE → DIALOG
[2025-12-11 14:52:36] [FSM] Lancement de l'étape 'DIALOG' via action 'dialog_step'
[2025-12-11 14:52:38] [FSM] OK : DIALOG → WAIT_CAR
[2025-12-11 14:52:38] [FSM] 🎉 Scénario terminé ! On recommence...
[2025-12-11 14:52:38] ========== 🔁 Nouveau cycle du scénario ==========
[2025-12-11 14:52:38] [FSM] Lancement de l'étape 'WAIT_CAR' via action 'wait_car_step'
[2025-12-11 14:52:40] [FSM] OK : WAIT_CAR → QR
[2025-12-11 14:52:40] [FSM] Lancement de l'étape 'QR' via action 'qr_step'
[2025-12-11 14:52:43] [FSM] OK : QR → FACE
[2025-12-11 14:52:43] [FSM] Lancement de l'étape 'FACE' via action 'face_step'
[2025-12-11 14:52:46] [FSM] OK : FACE → DIALOG
[2025-12-11 14:52:46] [FSM] Lancement de l'étape 'DIALOG' via action 'dialog_step'
[2025-12-11 14:52:48] [FSM] OK : DIALOG → WAIT_CAR
[2025-12-11 14:52:48] [FSM] 🎉 Scénario terminé ! On recommence...
[2025-12-11 14:52:48] ========== 🔁 Nouveau cycle du scénario ==========
[2025-12-11 14:52:48] [FSM] Lancement de l'étape 'WAIT_CAR' via action 'wait_car_step'
[2025-12-11 14:52:50] [FSM] OK : WAIT_CAR → QR
[2025-12-11 14:52:50] [FSM] Lancement de l'étape 'QR' via action 'qr_step'
[2025-12-11 14:52:52] [FSM] OK : QR → FACE
[2025-12-11 14:52:52] [FSM] Lancement de l'étape 'FACE' via action 'face_step'
[2025-12-11 14:52:55] [FSM] OK : FACE → DIALOG
[2025-12-11 14:52:55] [FSM] Lancement de l'étape 'DIALOG' via action 'dialog_step'
[2025-12-11 14:52:57] [FSM] OK : DIALOG → WAIT_CAR
[2025-12-11 14:52:57] [FSM] 🎉 Scénario terminé ! On recommence...
[2025-12-11 14:52:57] ========== 🔁 Nouveau cycle du scénario ==========
[2025-12-11 14:52:57] [FSM] Lancement de l'étape 'WAIT_CAR' via action 'wait_car_step'
[2025-12-11 14:53:00] [FSM] OK : WAIT_CAR → QR
[2025-12-11 14:53:00] [FSM] Lancement de l'étape 'QR' via action 'qr_step'
[2025-12-11 14:53:02] [FSM] OK : QR → FACE
[2025-12-11 14:53:02] [FSM] Lancement de l'étape 'FACE' via action 'face_step'
[2025-12-11 14:53:05] [FSM] OK : FACE → DIALOG
[2025-12-11 14:53:05] [FSM] Lancement de l'étape 'DIALOG' via action 'dialog_step'
[2025-12-11 14:53:07] [FSM] OK : DIALOG → WAIT_CAR
[2025-12-11 14:53:07] [FSM] 🎉 Scénario terminé ! On recommence...
[2025-12-11 14:53:07] ========== 🔁 Nouveau cycle du scénario ==========
[2025-12-11 14:53:07] [FSM] Lancement de l'étape 'WAIT_CAR' via action 'wait_car_step'
[2025-12-11 14:53:09] [FSM] OK : WAIT_CAR → QR
[2025-12-11 14:53:09] [FSM] Lancement de l'étape 'QR' via action 'qr_step'
[2025-12-11 14:53:11] [FSM] OK : QR → FACE
[2025-12-11 14:53:11] [FSM] Lancement de l'étape 'FACE' via action 'face_step'
[2025-12-11 14:53:15] [FSM] OK : FACE → DIALOG
[2025-12-11 14:53:15] [FSM] Lancement de l'étape 'DIALOG' via action 'dialog_step'
[2025-12-11 14:53:17] [FSM] OK : DIALOG → WAIT_CAR
[2025-12-11 14:53:17] [FSM] 🎉 Scénario terminé ! On recommence...
[2025-12-11 14:53:17] ========== 🔁 Nouveau cycle du scénario ==========
[2025-12-11 14:53:17] [FSM] Lancement de l'étape 'WAIT_CAR' via action 'wait_car_step'
[2025-12-11 14:53:19] [FSM] OK : WAIT_CAR → QR
[2025-12-11 14:53:19] [FSM] Lancement de l'étape 'QR' via action 'qr_step'
[2025-12-11 14:53:21] [FSM] OK : QR → FACE
[2025-12-11 14:53:21] [FSM] Lancement de l'étape 'FACE' via action 'face_step'
[2025-12-11 14:53:24] [FSM] OK : FACE → DIALOG
[2025-12-11 14:53:24] [FSM] Lancement de l'étape 'DIALOG' via action 'dialog_step'
[2025-12-11 14:53:27] [FSM] OK : DIALOG → WAIT_CAR
[2025-12-11 14:53:27] [FSM] 🎉 Scénario terminé ! On recommence...
[2025-12-11 14:53:27] ========== 🔁 Nouveau cycle du scénario ==========
[2025-12-11 14:53:27] [FSM] Lancement de l'étape 'WAIT_CAR' via action 'wait_car_step'
[2025-12-11 14:53:29] [FSM] OK : WAIT_CAR → QR
[2025-12-11 14:53:29] [FSM] Lancement de l'étape 'QR' via action 'qr_step'
[2025-12-11 14:53:31] [FSM] OK : QR → FACE
[2025-12-11 14:53:31] [FSM] Lancement de l'étape 'FACE' via action 'face_step'
[2025-12-11 14:53:34] [FSM] OK : FACE → DIALOG
[2025-12-11 14:53:34] [FSM] Lancement de l'étape 'DIALOG' via action 'dialog_step'
[2025-12-11 14:53:36] [FSM] OK : DIALOG → WAIT_CAR
[2025-12-11 14:53:36] [FSM] 🎉 Scénario terminé ! On recommence...
[2025-12-11 14:53:36] ========== 🔁 Nouveau cycle du scénario ==========
[2025-12-11 14:53:36] [FSM] Lancement de l'étape 'WAIT_CAR' via action 'wait_car_step'
[2025-12-11 14:53:38] [FSM] OK : WAIT_CAR → QR
[2025-12-11 14:53:38] [FSM] Lancement de l'étape 'QR' via action 'qr_step'
[2025-12-11 14:53:41] [FSM] OK : QR → FACE
[2025-12-11 14:53:41] [FSM] Lancement de l'étape 'FACE' via action 'face_step'
[2025-12-11 14:53:44] [FSM] OK : FACE → DIALOG
[2025-12-11 14:53:44] [FSM] Lancement de l'étape 'DIALOG' via action 'dialog_step'
[2025-12-11 14:53:46] [FSM] OK : DIALOG → WAIT_CAR
[2025-12-11 14:53:46] [FSM] 🎉 Scénario terminé ! On recommence...
[2025-12-11 14:53:46] ========== 🔁 Nouveau cycle du scénario ==========
[2025-12-11 14:53:46] [FSM] Lancement de l'étape 'WAIT_CAR' via action 'wait_car_step'
[2025-12-11 14:53:48] [FSM] OK : WAIT_CAR → QR
[2025-12-11 14:53:48] [FSM] Lancement de l'étape 'QR' via action 'qr_step'
[2025-12-11 14:53:50] [FSM] OK : QR → FACE
[2025-12-11 14:53:50] [FSM] Lancement de l'étape 'FACE' via action 'face_step'
[2025-12-11 14:53:54] [FSM] OK : FACE → DIALOG
[2025-12-11 14:53:54] [FSM] Lancement de l'étape 'DIALOG' via action 'dialog_step'
[2025-12-11 14:53:56] [FSM] OK : DIALOG → WAIT_CAR
[2025-12-11 14:53:56] [FSM] 🎉 Scénario terminé ! On recommence...
[2025-12-11 14:53:56] ========== 🔁 Nouveau cycle du scénario ==========
[2025-12-11 14:53:56] [FSM] Lancement de l'étape 'WAIT_CAR' via action 'wait_car_step'
[2025-12-11 14:53:58] [FSM] OK : WAIT_CAR → QR
[2025-12-11 14:53:58] [FSM] Lancement de l'étape 'QR' via action 'qr_step'
[2025-12-11 14:54:00] [FSM] OK : QR → FACE
[2025-12-11 14:54:00] [FSM] Lancement de l'étape 'FACE' via action 'face_step'
[2025-12-11 14:54:03] [FSM] OK : FACE → DIALOG
[2025-12-11 14:54:03] [FSM] Lancement de l'étape 'DIALOG' via action 'dialog_step'
[2025-12-11 14:54:06] [FSM] OK : DIALOG → WAIT_CAR
[2025-12-11 14:54:06] [FSM] 🎉 Scénario terminé ! On recommence...
[2025-12-11 14:54:06] ========== 🔁 Nouveau cycle du scénario ==========
[2025-12-11 14:54:06] [FSM] Lancement de l'étape 'WAIT_CAR' via action 'wait_car_step'
[2025-12-11 14:54:08] [FSM] OK : WAIT_CAR → QR
[2025-12-11 14:54:08] [FSM] Lancement de l'étape 'QR' via action 'qr_step'
[2025-12-11 14:54:10] [FSM] OK : QR → FACE
[2025-12-11 14:54:10] [FSM] Lancement de l'étape 'FACE' via action 'face_step'
[2025-12-11 14:54:13] [FSM] OK : FACE → DIALOG
[2025-12-11 14:54:13] [FSM] Lancement de l'étape 'DIALOG' via action 'dialog_step'
[2025-12-11 14:54:16] [FSM] OK : DIALOG → WAIT_CAR
[2025-12-11 14:54:16] [FSM] 🎉 Scénario terminé ! On recommence...
[2025-12-11 14:54:16] ========== 🔁 Nouveau cycle du scénario ==========
[2025-12-11 14:54:16] [FSM] Lancement de l'étape 'WAIT_CAR' via action 'wait_car_step'
[2025-12-11 14:54:18] [FSM] OK : WAIT_CAR → QR
[2025-12-11 14:54:18] [FSM] Lancement de l'étape 'QR' via action 'qr_step'
[2025-12-11 14:54:20] [FSM] OK : QR → FACE
[2025-12-11 14:54:20] [FSM] Lancement de l'étape 'FACE' via action 'face_step'
[2025-12-11 14:54:23] [FSM] OK : FACE → DIALOG
[2025-12-11 14:54:23] [FSM] Lancement de l'étape 'DIALOG' via action 'dialog_step'
[2025-12-11 14:54:25] [FSM] OK : DIALOG → WAIT_CAR
[2025-12-11 14:54:25] [FSM] 🎉 Scénario terminé ! On recommence...
[2025-12-11 14:54:25] ========== 🔁 Nouveau cycle du scénario ==========
[2025-12-11 14:54:25] [FSM] Lancement de l'étape 'WAIT_CAR' via action 'wait_car_step'
[2025-12-11 14:54:28] [FSM] OK : WAIT_CAR → QR
[2025-12-11 14:54:28] [FSM] Lancement de l'étape 'QR' via action 'qr_step'
[2025-12-11 14:54:30] [FSM] OK : QR → FACE
[2025-12-11 14:54:30] [FSM] Lancement de l'étape 'FACE' via action 'face_step'
[2025-12-11 14:54:33] [FSM] OK : FACE → DIALOG
[2025-12-11 14:54:33] [FSM] Lancement de l'étape 'DIALOG' via action 'dialog_step'
[2025-12-11 14:54:35] [FSM] OK : DIALOG → WAIT_CAR
[2025-12-11 14:54:35] [FSM] 🎉 Scénario terminé ! On recommence...
[2025-12-11 14:54:35] ========== 🔁 Nouveau cycle du scénario ==========
[2025-12-11 14:54:35] [FSM] Lancement de l'étape 'WAIT_CAR' via action 'wait_car_step'
[2025-12-11 14:54:37] [FSM] OK : WAIT_CAR → QR
[2025-12-11 14:54:37] [FSM] Lancement de l'étape 'QR' via action 'qr_step'
[2025-12-11 14:54:40] [FSM] OK : QR → FACE
[2025-12-11 14:54:40] [FSM] Lancement de l'étape 'FACE' via action 'face_step'
[2025-12-11 14:54:43] [FSM] OK : FACE → DIALOG
[2025-12-11 14:54:43] [FSM] Lancement de l'étape 'DIALOG' via action 'dialog_step'
[2025-12-11 14:54:45] [FSM] OK : DIALOG → WAIT_CAR
[2025-12-11 14:54:45] [FSM] 🎉 Scénario terminé ! On recommence...
[2025-12-11 14:54:45] ========== 🔁 Nouveau cycle du scénario ==========
[2025-12-11 14:54:45] [FSM] Lancement de l'étape 'WAIT_CAR' via action 'wait_car_step'
[2025-12-11 14:54:47] [FSM] OK : WAIT_CAR → QR
[2025-12-11 14:54:47] [FSM] Lancement de l'étape 'QR' via action 'qr_step'
[2025-12-11 14:54:49] [FSM] OK : QR → FACE
[2025-12-11 14:54:49] [FSM] Lancement de l'étape 'FACE' via action 'face_step'
[2025-12-11 14:54:53] [FSM] OK : FACE → DIALOG
[2025-12-11 14:54:53] [FSM] Lancement de l'étape 'DIALOG' via action 'dialog_step'
[2025-12-11 14:54:55] [FSM] OK : DIALOG → WAIT_CAR
[2025-12-11 14:54:55] [FSM] 🎉 Scénario terminé ! On recommence...
[2025-12-11 14:54:55] ========== 🔁 Nouveau cycle du scénario ==========
[2025-12-11 14:54:55] [FSM] Lancement de l'étape 'WAIT_CAR' via action 'wait_car_step'
[2025-12-11 14:54:57] [FSM] OK : WAIT_CAR → QR
[2025-12-11 14:54:57] [FSM] Lancement de l'étape 'QR' via action 'qr_step'
[2025-12-11 14:54:59] [FSM] OK : QR → FACE
[2025-12-11 14:54:59] [FSM] Lancement de l'étape 'FACE' via action 'face_step'
[2025-12-11 14:55:03] [FSM] OK : FACE → DIALOG
[2025-12-11 14:55:03] [FSM] Lancement de l'étape 'DIALOG' via action 'dialog_step'
[2025-12-11 14:55:05] [FSM] OK : DIALOG → WAIT_CAR
[2025-12-11 14:55:05] [FSM] 🎉 Scénario terminé ! On recommence...
[2025-12-11 14:55:05] ========== 🔁 Nouveau cycle du scénario ==========
[2025-12-11 14:55:05] [FSM] Lancement de l'étape 'WAIT_CAR' via action 'wait_car_step'
[2025-12-11 14:55:07] [FSM] OK : WAIT_CAR → QR
[2025-12-11 14:55:07] [FSM] Lancement de l'étape 'QR' via action 'qr_step'
[2025-12-11 14:55:09] [FSM] OK : QR → FACE
[2025-12-11 14:55:09] [FSM] Lancement de l'étape 'FACE' via action 'face_step'
[2025-12-11 14:55:13] [FSM] OK : FACE → DIALOG
[2025-12-11 14:55:13] [FSM] Lancement de l'étape 'DIALOG' via action 'dialog_step'
[2025-12-11 14:55:15] [FSM] OK : DIALOG → WAIT_CAR
[2025-12-11 14:55:15] [FSM] 🎉 Scénario terminé ! On recommence...
[2025-12-11 14:55:15] ========== 🔁 Nouveau cycle du scénario ==========
[2025-12-11 14:55:15] [FSM] Lancement de l'étape 'WAIT_CAR' via action 'wait_car_step'
[2025-12-11 14:55:17] [FSM] OK : WAIT_CAR → QR
[2025-12-11 14:55:17] [FSM] Lancement de l'étape 'QR' via action 'qr_step'
[2025-12-11 14:55:19] [FSM] OK : QR → FACE
[2025-12-11 14:55:19] [FSM] Lancement de l'étape 'FACE' via action 'face_step'
[2025-12-11 14:55:23] [FSM] OK : FACE → DIALOG
[2025-12-11 14:55:23] [FSM] Lancement de l'étape 'DIALOG' via action 'dialog_step'
[2025-12-11 14:55:25] [FSM] OK : DIALOG → WAIT_CAR
[2025-12-11 14:55:25] [FSM] 🎉 Scénario terminé ! On recommence...
[2025-12-11 14:55:25] ========== 🔁 Nouveau cycle du scénario ==========
[2025-12-11 14:55:25] [FSM] Lancement de l'étape 'WAIT_CAR' via action 'wait_car_step'
[2025-12-11 14:55:27] [FSM] OK : WAIT_CAR → QR
[2025-12-11 14:55:27] [FSM] Lancement de l'étape 'QR' via action 'qr_step'
[2025-12-11 14:55:29] [FSM] OK : QR → FACE
[2025-12-11 14:55:29] [FSM] Lancement de l'étape 'FACE' via action 'face_step'
[2025-12-11 14:55:33] [FSM] OK : FACE → DIALOG
[2025-12-11 14:55:33] [FSM] Lancement de l'étape 'DIALOG' via action 'dialog_step'
[2025-12-11 14:55:35] [FSM] OK : DIALOG → WAIT_CAR
[2025-12-11 14:55:35] [FSM] 🎉 Scénario terminé ! On recommence...
[2025-12-11 14:55:35] ========== 🔁 Nouveau cycle du scénario ==========
[2025-12-11 14:55:35] [FSM] Lancement de l'étape 'WAIT_CAR' via action 'wait_car_step'
[2025-12-11 14:55:37] [FSM] OK : WAIT_CAR → QR
[2025-12-11 14:55:37] [FSM] Lancement de l'étape 'QR' via action 'qr_step'
[2025-12-11 14:55:39] [FSM] OK : QR → FACE
[2025-12-11 14:55:39] [FSM] Lancement de l'étape 'FACE' via action 'face_step'
[2025-12-11 14:55:42] [FSM] OK : FACE → DIALOG
[2025-12-11 14:55:42] [FSM] Lancement de l'étape 'DIALOG' via action 'dialog_step'
[2025-12-11 14:55:45] [FSM] OK : DIALOG → WAIT_CAR
[2025-12-11 14:55:45] [FSM] 🎉 Scénario terminé ! On recommence...
[2025-12-11 14:55:45] ========== 🔁 Nouveau cycle du scénario ==========
[2025-12-11 14:55:45] [FSM] Lancement de l'étape 'WAIT_CAR' via action 'wait_car_step'
[2025-12-11 14:55:47] [FSM] OK : WAIT_CAR → QR
[2025-12-11 14:55:47] [FSM] Lancement de l'étape 'QR' via action 'qr_step'
[2025-12-11 14:55:49] [FSM] OK : QR → FACE
[2025-12-11 14:55:49] [FSM] Lancement de l'étape 'FACE' via action 'face_step'
[2025-12-11 14:55:52] [FSM] OK : FACE → DIALOG
[2025-12-11 14:55:52] [FSM] Lancement de l'étape 'DIALOG' via action 'dialog_step'
[2025-12-11 14:55:55] [FSM] OK : DIALOG → WAIT_CAR
[2025-12-11 14:55:55] [FSM] 🎉 Scénario terminé ! On recommence...
[2025-12-11 14:55:55] ========== 🔁 Nouveau cycle du scénario ==========
[2025-12-11 14:55:55] [FSM] Lancement de l'étape 'WAIT_CAR' via action 'wait_car_step'
[2025-12-11 14:55:57] [FSM] OK : WAIT_CAR → QR
[2025-12-11 14:55:57] [FSM] Lancement de l'étape 'QR' via action 'qr_step'
[2025-12-11 14:55:59] [FSM] OK : QR → FACE
[2025-12-11 14:55:59] [FSM] Lancement de l'étape 'FACE' via action 'face_step'
[2025-12-11 14:56:02] [FSM] OK : FACE → DIALOG
[2025-12-11 14:56:02] [FSM] Lancement de l'étape 'DIALOG' via action 'dialog_step'
[2025-12-11 14:56:05] [FSM] OK : DIALOG → WAIT_CAR
[2025-12-11 14:56:05] [FSM] 🎉 Scénario terminé ! On recommence...
[2025-12-11 14:56:05] ========== 🔁 Nouveau cycle du scénario ==========
[2025-12-11 14:56:05] [FSM] Lancement de l'étape 'WAIT_CAR' via action 'wait_car_step'
[2025-12-11 14:56:07] [FSM] OK : WAIT_CAR → QR
[2025-12-11 14:56:07] [FSM] Lancement de l'étape 'QR' via action 'qr_step'
[2025-12-11 14:56:09] [FSM] OK : QR → FACE
[2025-12-11 14:56:09] [FSM] Lancement de l'étape 'FACE' via action 'face_step'
[2025-12-11 14:56:12] [FSM] OK : FACE → DIALOG
[2025-12-11 14:56:12] [FSM] Lancement de l'étape 'DIALOG' via action 'dialog_step'
[2025-12-11 14:56:15] [FSM] OK : DIALOG → WAIT_CAR
[2025-12-11 14:56:15] [FSM] 🎉 Scénario terminé ! On recommence...
[2025-12-11 14:56:15] ========== 🔁 Nouveau cycle du scénario ==========
[2025-12-11 14:56:15] [FSM] Lancement de l'étape 'WAIT_CAR' via action 'wait_car_step'
[2025-12-11 14:56:17] [FSM] OK : WAIT_CAR → QR
[2025-12-11 14:56:17] [FSM] Lancement de l'étape 'QR' via action 'qr_step'
[2025-12-11 14:56:19] [FSM] OK : QR → FACE
[2025-12-11 14:56:19] [FSM] Lancement de l'étape 'FACE' via action 'face_step'
[2025-12-11 14:56:23] [FSM] OK : FACE → DIALOG
[2025-12-11 14:56:23] [FSM] Lancement de l'étape 'DIALOG' via action 'dialog_step'
[2025-12-11 14:56:25] [FSM] OK : DIALOG → WAIT_CAR
[2025-12-11 14:56:25] [FSM] 🎉 Scénario terminé ! On recommence...
[2025-12-11 14:56:25] ========== 🔁 Nouveau cycle du scénario ==========
[2025-12-11 14:56:25] [FSM] Lancement de l'étape 'WAIT_CAR' via action 'wait_car_step'
[2025-12-11 14:56:27] [FSM] OK : WAIT_CAR → QR
[2025-12-11 14:56:27] [FSM] Lancement de l'étape 'QR' via action 'qr_step'
[2025-12-11 14:56:29] [FSM] OK : QR → FACE
[2025-12-11 14:56:29] [FSM] Lancement de l'étape 'FACE' via action 'face_step'
[2025-12-11 14:56:33] [FSM] OK : FACE → DIALOG
[2025-12-11 14:56:33] [FSM] Lancement de l'étape 'DIALOG' via action 'dialog_step'
[2025-12-11 14:56:35] [FSM] OK : DIALOG → WAIT_CAR
[2025-12-11 14:56:35] [FSM] 🎉 Scénario terminé ! On recommence...
[2025-12-11 14:56:35] ========== 🔁 Nouveau cycle du scénario ==========
[2025-12-11 14:56:35] [FSM] Lancement de l'étape 'WAIT_CAR' via action 'wait_car_step'
[2025-12-11 14:56:37] [FSM] OK : WAIT_CAR → QR
[2025-12-11 14:56:37] [FSM] Lancement de l'étape 'QR' via action 'qr_step'
[2025-12-11 14:56:39] [FSM] OK : QR → FACE
[2025-12-11 14:56:39] [FSM] Lancement de l'étape 'FACE' via action 'face_step'
[2025-12-11 14:56:43] [FSM] OK : FACE → DIALOG
[2025-12-11 14:56:43] [FSM] Lancement de l'étape 'DIALOG' via action 'dialog_step'
[2025-12-11 14:56:45] [FSM] OK : DIALOG → WAIT_CAR
[2025-12-11 14:56:45] [FSM] 🎉 Scénario terminé ! On recommence...
[2025-12-11 14:56:45] ========== 🔁 Nouveau cycle du scénario ==========
[2025-12-11 14:56:45] [FSM] Lancement de l'étape 'WAIT_CAR' via action 'wait_car_step'
[2025-12-11 14:56:47] [FSM] OK : WAIT_CAR → QR
[2025-12-11 14:56:47] [FSM] Lancement de l'étape 'QR' via action 'qr_step'
[2025-12-11 14:56:50] [FSM] OK : QR → FACE
[2025-12-11 14:56:50] [FSM] Lancement de l'étape 'FACE' via action 'face_step'
[2025-12-11 14:56:53] [FSM] OK : FACE → DIALOG
[2025-12-11 14:56:53] [FSM] Lancement de l'étape 'DIALOG' via action 'dialog_step'
[2025-12-11 14:56:55] [FSM] OK : DIALOG → WAIT_CAR
[2025-12-11 14:56:55] [FSM] 🎉 Scénario terminé ! On recommence...
[2025-12-11 14:56:55] ========== 🔁 Nouveau cycle du scénario ==========
[2025-12-11 14:56:55] [FSM] Lancement de l'étape 'WAIT_CAR' via action 'wait_car_step'
[2025-12-11 14:56:58] [FSM] OK : WAIT_CAR → QR
[2025-12-11 14:56:58] [FSM] Lancement de l'étape 'QR' via action 'qr_step'
[2025-12-11 14:57:00] [FSM] OK : QR → FACE
[2025-12-11 14:57:00] [FSM] Lancement de l'étape 'FACE' via action 'face_step'
[2025-12-11 14:57:03] [FSM] OK : FACE → DIALOG
[2025-12-11 14:57:03] [FSM] Lancement de l'étape 'DIALOG' via action 'dialog_step'
[2025-12-11 14:57:05] [FSM] OK : DIALOG → WAIT_CAR
[2025-12-11 14:57:05] [FSM] 🎉 Scénario terminé ! On recommence...
[2025-12-11 14:57:05] ========== 🔁 Nouveau cycle du scénario ==========
[2025-12-11 14:57:05] [FSM] Lancement de l'étape 'WAIT_CAR' via action 'wait_car_step'
[2025-12-11 14:57:08] [FSM] OK : WAIT_CAR → QR
[2025-12-11 14:57:08] [FSM] Lancement de l'étape 'QR' via action 'qr_step'
[2025-12-11 14:57:10] [FSM] OK : QR → FACE
[2025-12-11 14:57:10] [FSM] Lancement de l'étape 'FACE' via action 'face_step'
[2025-12-11 14:57:13] [FSM] OK : FACE → DIALOG
[2025-12-11 14:57:13] [FSM] Lancement de l'étape 'DIALOG' via action 'dialog_step'
[2025-12-11 14:57:16] [FSM] OK : DIALOG → WAIT_CAR
[2025-12-11 14:57:16] [FSM] 🎉 Scénario terminé ! On recommence...
[2025-12-11 14:57:16] ========== 🔁 Nouveau cycle du scénario ==========
[2025-12-11 14:57:16] [FSM] Lancement de l'étape 'WAIT_CAR' via action 'wait_car_step'
[2025-12-11 14:57:18] [FSM] OK : WAIT_CAR → QR
[2025-12-11 14:57:18] [FSM] Lancement de l'étape 'QR' via action 'qr_step'
[2025-12-11 14:57:20] [FSM] OK : QR → FACE
[2025-12-11 14:57:20] [FSM] Lancement de l'étape 'FACE' via action 'face_step'
[2025-12-11 14:57:24] [FSM] OK : FACE → DIALOG
[2025-12-11 14:57:24] [FSM] Lancement de l'étape 'DIALOG' via action 'dialog_step'
[2025-12-11 14:57:26] [FSM] OK : DIALOG → WAIT_CAR
[2025-12-11 14:57:26] [FSM] 🎉 Scénario terminé ! On recommence...
[2025-12-11 14:57:26] ========== 🔁 Nouveau cycle du scénario ==========
[2025-12-11 14:57:26] [FSM] Lancement de l'étape 'WAIT_CAR' via action 'wait_car_step'
[2025-12-11 14:57:28] [FSM] OK : WAIT_CAR → QR
[2025-12-11 14:57:28] [FSM] Lancement de l'étape 'QR' via action 'qr_step'
[2025-12-11 14:57:30] [FSM] OK : QR → FACE
[2025-12-11 14:57:30] [FSM] Lancement de l'étape 'FACE' via action 'face_step'
[2025-12-11 14:57:34] [FSM] OK : FACE → DIALOG
[2025-12-11 14:57:34] [FSM] Lancement de l'étape 'DIALOG' via action 'dialog_step'
[2025-12-11 14:57:36] [FSM] OK : DIALOG → WAIT_CAR
[2025-12-11 14:57:36] [FSM] 🎉 Scénario terminé ! On recommence...
[2025-12-11 14:57:36] ========== 🔁 Nouveau cycle du scénario ==========
[2025-12-11 14:57:36] [FSM] Lancement de l'étape 'WAIT_CAR' via action 'wait_car_step'
[2025-12-11 14:57:38] [FSM] OK : WAIT_CAR → QR
[2025-12-11 14:57:38] [FSM] Lancement de l'étape 'QR' via action 'qr_step'
[2025-12-11 14:57:41] [FSM] OK : QR → FACE
[2025-12-11 14:57:41] [FSM] Lancement de l'étape 'FACE' via action 'face_step'
[2025-12-11 14:57:44] [FSM] OK : FACE → DIALOG
[2025-12-11 14:57:44] [FSM] Lancement de l'étape 'DIALOG' via action 'dialog_step'
[2025-12-11 14:57:46] [FSM] OK : DIALOG → WAIT_CAR
[2025-12-11 14:57:46] [FSM] 🎉 Scénario terminé ! On recommence...
[2025-12-11 14:57:46] ========== 🔁 Nouveau cycle du scénario ==========
[2025-12-11 14:57:46] [FSM] Lancement de l'étape 'WAIT_CAR' via action 'wait_car_step'
[2025-12-11 14:57:49] [FSM] OK : WAIT_CAR → QR
[2025-12-11 14:57:49] [FSM] Lancement de l'étape 'QR' via action 'qr_step'
[2025-12-11 14:57:51] [FSM] OK : QR → FACE
[2025-12-11 14:57:51] [FSM] Lancement de l'étape 'FACE' via action 'face_step'
[2025-12-11 14:57:54] [FSM] OK : FACE → DIALOG
[2025-12-11 14:57:54] [FSM] Lancement de l'étape 'DIALOG' via action 'dialog_step'
[2025-12-11 14:57:57] [FSM] OK : DIALOG → WAIT_CAR
[2025-12-11 14:57:57] [FSM] 🎉 Scénario terminé ! On recommence...
[2025-12-11 14:57:57] ========== 🔁 Nouveau cycle du scénario ==========
[2025-12-11 14:57:57] [FSM] Lancement de l'étape 'WAIT_CAR' via action 'wait_car_step'
[2025-12-11 14:57:59] [FSM] OK : WAIT_CAR → QR
[2025-12-11 14:57:59] [FSM] Lancement de l'étape 'QR' via action 'qr_step'
[2025-12-11 14:58:01] [FSM] OK : QR → FACE
[2025-12-11 14:58:01] [FSM] Lancement de l'étape 'FACE' via action 'face_step'
[2025-12-11 14:58:05] [FSM] OK : FACE → DIALOG
[2025-12-11 14:58:05] [FSM] Lancement de l'étape 'DIALOG' via action 'dialog_step'
[2025-12-11 14:58:07] [FSM] OK : DIALOG → WAIT_CAR
[2025-12-11 14:58:07] [FSM] 🎉 Scénario terminé ! On recommence...
[2025-12-11 14:58:07] ========== 🔁 Nouveau cycle du scénario ==========
[2025-12-11 14:58:07] [FSM] Lancement de l'étape 'WAIT_CAR' via action 'wait_car_step'
[2025-12-11 14:58:09] [FSM] OK : WAIT_CAR → QR
[2025-12-11 14:58:09] [FSM] Lancement de l'étape 'QR' via action 'qr_step'
[2025-12-11 14:58:12] [FSM] OK : QR → FACE
[2025-12-11 14:58:12] [FSM] Lancement de l'étape 'FACE' via action 'face_step'
[2025-12-11 14:58:15] [FSM] OK : FACE → DIALOG
[2025-12-11 14:58:15] [FSM] Lancement de l'étape 'DIALOG' via action 'dialog_step'
[2025-12-11 14:58:17] [FSM] OK : DIALOG → WAIT_CAR
[2025-12-11 14:58:17] [FSM] 🎉 Scénario terminé ! On recommence...
[2025-12-11 14:58:17] ========== 🔁 Nouveau cycle du scénario ==========
[2025-12-11 14:58:17] [FSM] Lancement de l'étape 'WAIT_CAR' via action 'wait_car_step'
[2025-12-11 14:58:20] [FSM] OK : WAIT_CAR → QR
[2025-12-11 14:58:20] [FSM] Lancement de l'étape 'QR' via action 'qr_step'
[2025-12-11 14:58:22] [FSM] OK : QR → FACE
[2025-12-11 14:58:22] [FSM] Lancement de l'étape 'FACE' via action 'face_step'
[2025-12-11 14:58:25] [FSM] OK : FACE → DIALOG
[2025-12-11 14:58:25] [FSM] Lancement de l'étape 'DIALOG' via action 'dialog_step'
[2025-12-11 14:58:28] [FSM] OK : DIALOG → WAIT_CAR
[2025-12-11 14:58:28] [FSM] 🎉 Scénario terminé ! On recommence...
[2025-12-11 14:58:28] ========== 🔁 Nouveau cycle du scénario ==========
[2025-12-11 14:58:28] [FSM] Lancement de l'étape 'WAIT_CAR' via action 'wait_car_step'
[2025-12-11 14:58:30] [FSM] OK : WAIT_CAR → QR
[2025-12-11 14:58:30] [FSM] Lancement de l'étape 'QR' via action 'qr_step'
[2025-12-11 14:58:32] [FSM] OK : QR → FACE
[2025-12-11 14:58:32] [FSM] Lancement de l'étape 'FACE' via action 'face_step'
[2025-12-11 14:58:36] [FSM] OK : FACE → DIALOG
[2025-12-11 14:58:36] [FSM] Lancement de l'étape 'DIALOG' via action 'dialog_step'
[2025-12-11 14:58:38] [FSM] OK : DIALOG → WAIT_CAR
[2025-12-11 14:58:38] [FSM] 🎉 Scénario terminé ! On recommence...
[2025-12-11 14:58:38] ========== 🔁 Nouveau cycle du scénario ==========
[2025-12-11 14:58:38] [FSM] Lancement de l'étape 'WAIT_CAR' via action 'wait_car_step'
[2025-12-11 14:58:40] [FSM] OK : WAIT_CAR → QR
[2025-12-11 14:58:40] [FSM] Lancement de l'étape 'QR' via action 'qr_step'
[2025-12-11 14:58:43] [FSM] OK : QR → FACE
[2025-12-11 14:58:43] [FSM] Lancement de l'étape 'FACE' via action 'face_step'
[2025-12-11 14:58:46] [FSM] OK : FACE → DIALOG
[2025-12-11 14:58:46] [FSM] Lancement de l'étape 'DIALOG' via action 'dialog_step'
[2025-12-11 14:58:49] [FSM] OK : DIALOG → WAIT_CAR
[2025-12-11 14:58:49] [FSM] 🎉 Scénario terminé ! On recommence...
[2025-12-11 14:58:49] ========== 🔁 Nouveau cycle du scénario ==========
[2025-12-11 14:58:49] [FSM] Lancement de l'étape 'WAIT_CAR' via action 'wait_car_step'
[2025-12-11 14:58:51] [FSM] OK : WAIT_CAR → QR
[2025-12-11 14:58:51] [FSM] Lancement de l'étape 'QR' via action 'qr_step'
[2025-12-11 14:58:53] [FSM] OK : QR → FACE
[2025-12-11 14:58:53] [FSM] Lancement de l'étape 'FACE' via action 'face_step'
[2025-12-11 14:58:57] [FSM] OK : FACE → DIALOG
[2025-12-11 14:58:57] [FSM] Lancement de l'étape 'DIALOG' via action 'dialog_step'
[2025-12-11 14:58:59] [FSM] OK : DIALOG → WAIT_CAR
[2025-12-11 14:58:59] [FSM] 🎉 Scénario terminé ! On recommence...
[2025-12-11 14:58:59] ========== 🔁 Nouveau cycle du scénario ==========
[2025-12-11 14:58:59] [FSM] Lancement de l'étape 'WAIT_CAR' via action 'wait_car_step'
[2025-12-11 14:59:01] [FSM] OK : WAIT_CAR → QR
[2025-12-11 14:59:01] [FSM] Lancement de l'étape 'QR' via action 'qr_step'
[2025-12-11 14:59:04] [FSM] OK : QR → FACE
[2025-12-11 14:59:04] [FSM] Lancement de l'étape 'FACE' via action 'face_step'
[2025-12-11 14:59:07] [FSM] OK : FACE → DIALOG
[2025-12-11 14:59:07] [FSM] Lancement de l'étape 'DIALOG' via action 'dialog_step'
[2025-12-11 14:59:09] [FSM] OK : DIALOG → WAIT_CAR
[2025-12-11 14:59:09] [FSM] 🎉 Scénario terminé ! On recommence...
[2025-12-11 14:59:09] ========== 🔁 Nouveau cycle du scénario ==========
[2025-12-11 14:59:09] [FSM] Lancement de l'étape 'WAIT_CAR' via action 'wait_car_step'
[2025-12-11 14:59:12] [FSM] OK : WAIT_CAR → QR
[2025-12-11 14:59:12] [FSM] Lancement de l'étape 'QR' via action 'qr_step'
[2025-12-11 14:59:14] [FSM] OK : QR → FACE
[2025-12-11 14:59:14] [FSM] Lancement de l'étape 'FACE' via action 'face_step'
[2025-12-11 14:59:18] [FSM] OK : FACE → DIALOG
[2025-12-11 14:59:18] [FSM] Lancement de l'étape 'DIALOG' via action 'dialog_step'
[2025-12-11 14:59:20] [FSM] OK : DIALOG → WAIT_CAR
[2025-12-11 14:59:20] [FSM] 🎉 Scénario terminé ! On recommence...
[2025-12-11 14:59:20] ========== 🔁 Nouveau cycle du scénario ==========
[2025-12-11 14:59:20] [FSM] Lancement de l'étape 'WAIT_CAR' via action 'wait_car_step'
[2025-12-11 14:59:22] [FSM] OK : WAIT_CAR → QR
[2025-12-11 14:59:22] [FSM] Lancement de l'étape 'QR' via action 'qr_step'
[2025-12-11 15:05:23] [FSM] Start at state: WAIT_CAR
[2025-12-11 15:05:23] ========== 🔁 Nouveau cycle du scénario ==========
[2025-12-11 15:05:23] [FSM] Lancement de l'étape 'WAIT_CAR' via action 'wait_car_step'
[2025-12-11 15:05:25] [FSM] OK : WAIT_CAR → QR
[2025-12-11 15:05:25] [FSM] Lancement de l'étape 'QR' via action 'qr_step'
[2025-12-11 15:05:27] [FSM] OK : QR → FACE
[2025-12-11 15:05:27] [FSM] Lancement de l'étape 'FACE' via action 'face_step'
[2025-12-11 15:05:30] [FSM] OK : FACE → DIALOG
[2025-12-11 15:05:30] [FSM] Lancement de l'étape 'DIALOG' via action 'dialog_step'
[2025-12-11 15:05:32] [FSM] OK : DIALOG → WAIT_CAR
[2025-12-11 15:05:32] [FSM] 🎉 Scénario terminé ! On recommence...
[2025-12-11 15:05:32] ========== 🔁 Nouveau cycle du scénario ==========
[2025-12-11 15:05:32] [FSM] Lancement de l'étape 'WAIT_CAR' via action 'wait_car_step'
[2025-12-11 15:05:34] [FSM] OK : WAIT_CAR → QR
[2025-12-11 15:05:34] [FSM] Lancement de l'étape 'QR' via action 'qr_step'
[2025-12-11 15:05:37] [FSM] OK : QR → FACE
[2025-12-11 15:05:37] [FSM] Lancement de l'étape 'FACE' via action 'face_step'
[2025-12-11 15:05:40] [FSM] OK : FACE → DIALOG
[2025-12-11 15:05:40] [FSM] Lancement de l'étape 'DIALOG' via action 'dialog_step'
[2025-12-11 15:05:42] [FSM] OK : DIALOG → WAIT_CAR
[2025-12-11 15:05:42] [FSM] 🎉 Scénario terminé ! On recommence...
[2025-12-11 15:05:42] ========== 🔁 Nouveau cycle du scénario ==========
[2025-12-11 15:05:42] [FSM] Lancement de l'étape 'WAIT_CAR' via action 'wait_car_step'
[2025-12-11 15:05:44] [FSM] OK : WAIT_CAR → QR
[2025-12-11 15:05:44] [FSM] Lancement de l'étape 'QR' via action 'qr_step'
[2025-12-11 15:05:46] [FSM] OK : QR → FACE
[2025-12-11 15:05:46] [FSM] Lancement de l'étape 'FACE' via action 'face_step'
[2025-12-11 15:05:49] [FSM] OK : FACE → DIALOG
[2025-12-11 15:05:49] [FSM] Lancement de l'étape 'DIALOG' via action 'dialog_step'
[2025-12-11 15:05:51] [FSM] OK : DIALOG → WAIT_CAR
[2025-12-11 15:05:51] [FSM] 🎉 Scénario terminé ! On recommence...
[2025-12-11 15:05:51] ========== 🔁 Nouveau cycle du scénario ==========
[2025-12-11 15:05:51] [FSM] Lancement de l'étape 'WAIT_CAR' via action 'wait_car_step'
[2025-12-11 15:14:04] [FACE_STEP] Serveur face_step prêt
[2025-12-11 15:14:04] [FSM] Start at state: WAIT_CAR
[2025-12-11 15:14:04] ========== 🔁 Nouveau cycle du scénario ==========
[2025-12-11 15:14:04] [FSM] Lancement de l'étape 'WAIT_CAR' via action 'wait_car_step'
[2025-12-11 15:14:06] [FSM] OK : WAIT_CAR → QR
[2025-12-11 15:14:06] [FSM] Lancement de l'étape 'QR' via action 'qr_step'
[2025-12-11 15:14:09] [FSM] OK : QR → FACE
[2025-12-11 15:14:09] [FSM] Lancement de l'étape 'FACE' via action 'face_step'
[2025-12-11 15:14:09] [FACE_STEP] Étape démarrée, attente visage...
[2025-12-11 15:14:09] [FSM] ÉCHEC dans l'étape : FACE, arrêt.
[2025-12-11 15:24:30] [FSM] Start at state: WAIT_CAR
[2025-12-11 15:24:30] ========== 🔁 Nouveau cycle du scénario ==========
[2025-12-11 15:24:30] [FSM] Lancement de l'étape 'WAIT_CAR' via action 'wait_car_step'
[2025-12-11 15:24:32] [FSM] OK : WAIT_CAR → QR
[2025-12-11 15:24:32] [FSM] Lancement de l'étape 'QR' via action 'qr_step'
[2025-12-11 15:24:34] [FSM] OK : QR → FACE
[2025-12-11 15:24:35] [FSM] Lancement de l'étape 'FACE' via action 'face_step'
[2025-12-11 15:24:45] [FACE_STEP] Device: cuda:0
[2025-12-11 15:24:45] [FACE_STEP] Loading embeddings from: /home/jetson/ros2_ws/install/ai_pkg/share/ai_pkg/models/embeddings.npy
[2025-12-11 15:24:45] [FACE_STEP] Loading names from: /home/jetson/ros2_ws/install/ai_pkg/share/ai_pkg/models/names.npy
[2025-12-11 15:24:45] [FACE_STEP] Database loaded: 26 identities
[2025-12-11 15:24:49] [FACE_STEP] Face step server ready, subscribed to /image_raw/compressed
[2025-12-11 15:24:49] [FACE_STEP] Étape démarrée, attente visage...
[2025-12-11 15:24:59] [FACE_STEP] Face: UNKNOWN (0.99), old_face None
[2025-12-11 15:25:00] [FACE_STEP] Face: UNKNOWN (1.09), old_face None
[2025-12-11 15:25:00] [FACE_STEP] Face: UNKNOWN (1.16), old_face None
[2025-12-11 15:25:00] [FACE_STEP] Face: UNKNOWN (1.18), old_face None
[2025-12-11 15:25:00] [FACE_STEP] Face: UNKNOWN (1.26), old_face None
[2025-12-11 15:25:08] [FACE_STEP] Face: UNKNOWN (1.03), old_face None
[2025-12-11 15:25:08] [FACE_STEP] Face: UNKNOWN (1.04), old_face None
[2025-12-11 15:25:08] [FACE_STEP] Face: Gaspar (0.90), old_face None
[2025-12-11 15:25:08] [FACE_STEP] LOG ENTRY envoyé pour Gaspar
[2025-12-11 15:25:08] [FACE_STEP] Visage reconnu : Gaspar, étape OK
[2025-12-11 15:25:08] [FSM] OK : FACE → DIALOG
[2025-12-11 15:25:08] [FSM] Lancement de l'étape 'DIALOG' via action 'dialog_step'
[2025-12-11 15:25:08] [FACE_STEP] Face: Gaspar (0.83), old_face Gaspar
[2025-12-11 15:25:08] [FACE_STEP] Face: UNKNOWN (0.96), old_face Gaspar
[2025-12-11 15:25:10] [FSM] OK : DIALOG → WAIT_CAR
[2025-12-11 15:25:10] [FSM] 🎉 Scénario terminé ! On recommence...
[2025-12-11 15:25:10] ========== 🔁 Nouveau cycle du scénario ==========
[2025-12-11 15:25:10] [FSM] Lancement de l'étape 'WAIT_CAR' via action 'wait_car_step'
[2025-12-11 15:25:12] [FSM] OK : WAIT_CAR → QR
[2025-12-11 15:25:12] [FSM] Lancement de l'étape 'QR' via action 'qr_step'
[2025-12-11 15:25:14] [FSM] OK : QR → FACE
[2025-12-11 15:25:14] [FSM] Lancement de l'étape 'FACE' via action 'face_step'
[2025-12-11 15:25:15] [FACE_STEP] Face: UNKNOWN (1.10), old_face Gaspar
[2025-12-11 15:25:15] [FACE_STEP] Étape démarrée, attente visage...
[2025-12-11 15:25:16] [FACE_STEP] Face: UNKNOWN (1.06), old_face None
[2025-12-11 15:25:16] [FACE_STEP] Face: UNKNOWN (1.00), old_face None
[2025-12-11 15:25:18] [FACE_STEP] Face: UNKNOWN (1.07), old_face None
[2025-12-11 15:25:19] [FACE_STEP] Face: UNKNOWN (1.15), old_face None
[2025-12-11 15:25:19] [FACE_STEP] Face: UNKNOWN (1.17), old_face None
[2025-12-11 15:25:20] [FACE_STEP] Face: UNKNOWN (1.22), old_face None
[2025-12-11 15:25:22] [FACE_STEP] Face: UNKNOWN (1.03), old_face None
[2025-12-11 15:25:22] [FACE_STEP] Face: UNKNOWN (1.05), old_face None
[2025-12-11 15:25:22] [FACE_STEP] Face: UNKNOWN (1.02), old_face None
[2025-12-11 15:25:22] [FACE_STEP] Face: UNKNOWN (1.12), old_face None
[2025-12-11 15:25:23] [FACE_STEP] Face: UNKNOWN (1.03), old_face None
[2025-12-11 15:25:25] [FACE_STEP] Face: UNKNOWN (1.28), old_face None
[2025-12-11 15:25:42] [FACE_STEP] Face: UNKNOWN (1.13), old_face None
[2025-12-11 15:25:46] [FACE_STEP] Timeout : aucun visage détecté
[2025-12-11 15:25:46] [FSM] ÉCHEC dans l'étape : FACE, arrêt.
[2025-12-11 15:26:20] [FACE_STEP] Face: UNKNOWN (1.18), old_face None
[2025-12-11 15:26:20] [FACE_STEP] Face: UNKNOWN (1.23), old_face None
[2025-12-11 15:26:20] [FACE_STEP] Face: UNKNOWN (1.23), old_face None
[2025-12-11 15:26:20] [FACE_STEP] Face: UNKNOWN (1.24), old_face None
[2025-12-11 15:26:20] [FACE_STEP] Face: UNKNOWN (1.22), old_face None
[2025-12-11 15:26:24] [FACE_STEP] Face: UNKNOWN (1.14), old_face None
[2025-12-11 15:26:25] [FACE_STEP] Face: UNKNOWN (1.15), old_face None
[2025-12-11 15:26:30] [FACE_STEP] Face: UNKNOWN (0.97), old_face None
[2025-12-11 15:26:32] [FACE_STEP] Face: UNKNOWN (1.11), old_face None
[2025-12-11 15:26:32] [FACE_STEP] Face: UNKNOWN (1.09), old_face None
[2025-12-11 15:26:32] [FACE_STEP] Face: UNKNOWN (1.12), old_face None
[2025-12-11 15:26:32] [FACE_STEP] Face: UNKNOWN (1.08), old_face None
[2025-12-11 15:26:32] [FACE_STEP] Face: UNKNOWN (1.09), old_face None
[2025-12-11 15:26:34] [FACE_STEP] Face: UNKNOWN (1.13), old_face None
[2025-12-11 15:26:39] [FACE_STEP] Face: UNKNOWN (1.17), old_face None
[2025-12-11 15:26:39] [FACE_STEP] Face: UNKNOWN (1.17), old_face None
[2025-12-11 15:26:40] [FACE_STEP] Face: UNKNOWN (1.06), old_face None
[2025-12-11 15:26:40] [FACE_STEP] Face: UNKNOWN (1.01), old_face None
[2025-12-11 15:26:42] [FACE_STEP] Face: UNKNOWN (0.97), old_face None
[2025-12-11 15:26:42] [FACE_STEP] Face: UNKNOWN (1.02), old_face None
[2025-12-11 15:26:43] [FACE_STEP] Face: UNKNOWN (0.95), old_face None
[2025-12-11 15:26:43] [FACE_STEP] Face: UNKNOWN (1.01), old_face None
[2025-12-11 15:26:44] [FACE_STEP] Face: UNKNOWN (0.98), old_face None
[2025-12-11 15:26:44] [FACE_STEP] Face: UNKNOWN (0.95), old_face None
[2025-12-11 15:26:46] [FACE_STEP] Face: UNKNOWN (1.01), old_face None
[2025-12-11 15:26:46] [FACE_STEP] Face: UNKNOWN (0.97), old_face None
[2025-12-11 15:26:47] [FACE_STEP] Face: UNKNOWN (1.00), old_face None
[2025-12-11 15:26:47] [FACE_STEP] Face: UNKNOWN (1.03), old_face None
[2025-12-11 15:26:47] [FACE_STEP] Face: UNKNOWN (1.01), old_face None
[2025-12-11 15:26:48] [FACE_STEP] Face: UNKNOWN (1.03), old_face None
[2025-12-11 15:26:49] [FACE_STEP] Face: UNKNOWN (0.97), old_face None
[2025-12-11 15:26:49] [FACE_STEP] Face: UNKNOWN (0.98), old_face None
[2025-12-11 15:26:50] [FACE_STEP] Face: UNKNOWN (1.02), old_face None
[2025-12-11 15:26:50] [FACE_STEP] Face: UNKNOWN (1.06), old_face None
[2025-12-11 15:26:51] [FACE_STEP] Face: UNKNOWN (1.03), old_face None
[2025-12-11 15:26:52] [FACE_STEP] Face: UNKNOWN (1.03), old_face None
[2025-12-11 15:26:54] [FACE_STEP] Face: UNKNOWN (0.98), old_face None
[2025-12-11 15:26:55] [FACE_STEP] Face: UNKNOWN (1.09), old_face None
[2025-12-11 15:26:55] [FACE_STEP] Face: UNKNOWN (1.05), old_face None
[2025-12-11 15:26:55] [FACE_STEP] Face: UNKNOWN (1.04), old_face None
[2025-12-11 15:26:55] [FACE_STEP] Face: UNKNOWN (1.11), old_face None
[2025-12-11 15:26:56] [FACE_STEP] Face: UNKNOWN (1.02), old_face None
[2025-12-11 15:26:59] [FACE_STEP] Face: UNKNOWN (0.99), old_face None
[2025-12-11 15:27:00] [FACE_STEP] Face: UNKNOWN (0.98), old_face None
[2025-12-11 15:27:00] [FACE_STEP] Face: UNKNOWN (1.04), old_face None
[2025-12-11 15:27:00] [FACE_STEP] Face: UNKNOWN (1.01), old_face None
[2025-12-11 15:27:00] [FACE_STEP] Face: UNKNOWN (0.99), old_face None
[2025-12-11 15:27:02] [FACE_STEP] Face: UNKNOWN (1.12), old_face None
[2025-12-11 15:27:03] [FACE_STEP] Face: UNKNOWN (1.13), old_face None
[2025-12-11 15:27:04] [FACE_STEP] Face: UNKNOWN (1.08), old_face None
[2025-12-11 15:27:04] [FACE_STEP] Face: UNKNOWN (1.08), old_face None
[2025-12-11 15:27:06] [FACE_STEP] Face: UNKNOWN (1.10), old_face None
[2025-12-11 15:27:07] [FACE_STEP] Face: UNKNOWN (1.09), old_face None
[2025-12-11 15:27:07] [FACE_STEP] Face: UNKNOWN (1.07), old_face None
[2025-12-11 15:27:11] [FACE_STEP] Face: UNKNOWN (1.07), old_face None
[2025-12-11 15:27:11] [FACE_STEP] Face: UNKNOWN (1.06), old_face None
[2025-12-11 15:27:11] [FACE_STEP] Face: UNKNOWN (1.08), old_face None
[2025-12-11 15:27:11] [FACE_STEP] Face: UNKNOWN (1.12), old_face None
[2025-12-11 15:27:11] [FACE_STEP] Face: UNKNOWN (1.11), old_face None
[2025-12-11 15:27:12] [FACE_STEP] Face: UNKNOWN (1.08), old_face None
[2025-12-11 15:27:17] [FACE_STEP] Face: UNKNOWN (1.01), old_face None
[2025-12-11 15:27:17] [FACE_STEP] Face: UNKNOWN (1.06), old_face None
[2025-12-11 15:27:17] [FACE_STEP] Face: UNKNOWN (1.06), old_face None
[2025-12-11 15:27:17] [FACE_STEP] Face: UNKNOWN (1.06), old_face None
[2025-12-11 15:27:18] [FACE_STEP] Face: UNKNOWN (1.14), old_face None
[2025-12-11 15:27:20] [FACE_STEP] Face: UNKNOWN (1.14), old_face None
[2025-12-11 15:27:22] [FACE_STEP] Face: UNKNOWN (1.08), old_face None
[2025-12-11 15:27:22] [FACE_STEP] Face: UNKNOWN (1.10), old_face None
[2025-12-11 15:27:22] [FACE_STEP] Face: UNKNOWN (1.06), old_face None
[2025-12-11 15:27:24] [FACE_STEP] Face: UNKNOWN (1.15), old_face None
[2025-12-11 15:27:26] [FACE_STEP] Face: UNKNOWN (1.25), old_face None
[2025-12-11 15:27:26] [FACE_STEP] Face: UNKNOWN (1.08), old_face None
[2025-12-11 15:27:26] [FACE_STEP] Face: UNKNOWN (1.22), old_face None
[2025-12-11 15:27:28] [FACE_STEP] Face: UNKNOWN (1.02), old_face None
[2025-12-11 15:27:30] [FACE_STEP] Face: UNKNOWN (1.14), old_face None
[2025-12-11 15:27:30] [FACE_STEP] Face: UNKNOWN (1.14), old_face None
[2025-12-11 15:27:30] [FACE_STEP] Face: UNKNOWN (1.12), old_face None
[2025-12-11 15:27:30] [FACE_STEP] Face: UNKNOWN (1.13), old_face None
[2025-12-11 15:27:30] [FACE_STEP] Face: UNKNOWN (1.12), old_face None
[2025-12-11 15:27:32] [FACE_STEP] Face: UNKNOWN (0.95), old_face None
[2025-12-11 15:27:35] [FACE_STEP] Face: UNKNOWN (1.17), old_face None
[2025-12-11 15:27:35] [FACE_STEP] Face: UNKNOWN (1.08), old_face None
[2025-12-11 15:27:35] [FACE_STEP] Face: UNKNOWN (1.11), old_face None
[2025-12-11 15:27:35] [FACE_STEP] Face: UNKNOWN (1.14), old_face None
[2025-12-11 15:27:35] [FACE_STEP] Face: UNKNOWN (1.05), old_face None
[2025-12-11 15:27:37] [FACE_STEP] Face: UNKNOWN (1.15), old_face None
[2025-12-11 15:27:39] [FACE_STEP] Face: UNKNOWN (1.11), old_face None
[2025-12-11 15:27:39] [FACE_STEP] Face: UNKNOWN (1.20), old_face None
[2025-12-11 15:27:39] [FACE_STEP] Face: UNKNOWN (1.17), old_face None
[2025-12-11 15:27:39] [FACE_STEP] Face: UNKNOWN (1.23), old_face None
[2025-12-11 15:27:39] [FACE_STEP] Face: UNKNOWN (1.23), old_face None
[2025-12-11 15:27:41] [FACE_STEP] Face: UNKNOWN (1.17), old_face None
[2025-12-11 15:27:42] [FACE_STEP] Face: UNKNOWN (1.17), old_face None
[2025-12-11 15:27:43] [FACE_STEP] Face: UNKNOWN (1.21), old_face None
[2025-12-11 15:27:43] [FACE_STEP] Face: UNKNOWN (1.22), old_face None
[2025-12-11 15:27:43] [FACE_STEP] Face: UNKNOWN (1.21), old_face None
[2025-12-11 15:27:43] [FACE_STEP] Face: UNKNOWN (1.22), old_face None
[2025-12-11 15:27:45] [FACE_STEP] Face: UNKNOWN (1.25), old_face None
[2025-12-11 15:27:46] [FACE_STEP] Face: UNKNOWN (1.05), old_face None
[2025-12-11 15:27:47] [FACE_STEP] Face: UNKNOWN (1.11), old_face None
[2025-12-11 15:27:47] [FACE_STEP] Face: UNKNOWN (1.10), old_face None
[2025-12-11 15:27:47] [FACE_STEP] Face: UNKNOWN (1.11), old_face None
[2025-12-11 15:27:47] [FACE_STEP] Face: UNKNOWN (1.08), old_face None
[2025-12-11 15:27:50] [FACE_STEP] Face: UNKNOWN (1.12), old_face None
[2025-12-11 15:27:50] [FACE_STEP] Face: UNKNOWN (1.14), old_face None
[2025-12-11 15:27:51] [FACE_STEP] Face: UNKNOWN (1.18), old_face None
[2025-12-11 15:27:51] [FACE_STEP] Face: UNKNOWN (1.18), old_face None
[2025-12-11 15:27:51] [FACE_STEP] Face: UNKNOWN (1.24), old_face None
[2025-12-11 15:27:51] [FACE_STEP] Face: UNKNOWN (1.24), old_face None
[2025-12-11 15:27:54] [FACE_STEP] Face: UNKNOWN (1.16), old_face None
[2025-12-11 15:27:59] [FACE_STEP] Face: UNKNOWN (1.15), old_face None
[2025-12-11 15:27:59] [FACE_STEP] Face: UNKNOWN (1.01), old_face None
[2025-12-11 15:28:03] [FACE_STEP] Face: UNKNOWN (1.08), old_face None
[2025-12-11 15:28:03] [FACE_STEP] Face: UNKNOWN (1.15), old_face None
[2025-12-11 15:28:03] [FACE_STEP] Face: UNKNOWN (1.13), old_face None
[2025-12-11 15:28:03] [FACE_STEP] Face: UNKNOWN (1.12), old_face None
[2025-12-11 15:28:04] [FACE_STEP] Face: UNKNOWN (1.21), old_face None
[2025-12-11 15:28:04] [FACE_STEP] Face: UNKNOWN (1.01), old_face None
[2025-12-11 15:28:07] [FACE_STEP] Face: UNKNOWN (1.20), old_face None
[2025-12-11 15:28:07] [FACE_STEP] Face: UNKNOWN (1.04), old_face None
[2025-12-11 15:28:07] [FACE_STEP] Face: UNKNOWN (1.14), old_face None
[2025-12-11 15:28:08] [FACE_STEP] Face: UNKNOWN (1.14), old_face None
[2025-12-11 15:28:08] [FACE_STEP] Face: UNKNOWN (1.13), old_face None
[2025-12-11 15:28:09] [FACE_STEP] Face: UNKNOWN (1.20), old_face None
[2025-12-11 15:28:11] [FACE_STEP] Face: UNKNOWN (1.15), old_face None
[2025-12-11 15:28:11] [FACE_STEP] Face: UNKNOWN (1.00), old_face None
[2025-12-11 15:28:11] [FACE_STEP] Face: UNKNOWN (1.07), old_face None
[2025-12-11 15:28:11] [FACE_STEP] Face: UNKNOWN (1.08), old_face None
[2025-12-11 15:28:13] [FACE_STEP] Face: UNKNOWN (1.12), old_face None
[2025-12-11 15:28:13] [FACE_STEP] Face: UNKNOWN (1.13), old_face None
[2025-12-11 15:28:14] [FACE_STEP] Face: UNKNOWN (1.14), old_face None
[2025-12-11 15:28:14] [FACE_STEP] Face: UNKNOWN (1.12), old_face None
[2025-12-11 15:28:15] [FACE_STEP] Face: UNKNOWN (1.19), old_face None
[2025-12-11 15:28:15] [FACE_STEP] Face: UNKNOWN (1.14), old_face None
[2025-12-11 15:28:17] [FACE_STEP] Face: UNKNOWN (1.07), old_face None
[2025-12-11 15:28:17] [FACE_STEP] Face: UNKNOWN (1.09), old_face None
[2025-12-11 15:28:19] [FACE_STEP] Face: UNKNOWN (1.06), old_face None
[2025-12-11 15:28:19] [FACE_STEP] Face: UNKNOWN (1.02), old_face None
[2025-12-11 15:28:20] [FACE_STEP] Face: UNKNOWN (1.09), old_face None
[2025-12-11 15:28:20] [FACE_STEP] Face: UNKNOWN (1.07), old_face None
[2025-12-11 15:28:21] [FACE_STEP] Face: UNKNOWN (1.15), old_face None
[2025-12-11 15:28:22] [FACE_STEP] Face: UNKNOWN (1.18), old_face None
[2025-12-11 15:28:23] [FACE_STEP] Face: UNKNOWN (1.14), old_face None
[2025-12-11 15:28:24] [FACE_STEP] Face: UNKNOWN (1.08), old_face None
[2025-12-11 15:28:25] [FACE_STEP] Face: UNKNOWN (1.04), old_face None
[2025-12-11 15:28:25] [FACE_STEP] Face: UNKNOWN (1.10), old_face None
[2025-12-11 15:28:27] [FACE_STEP] Face: UNKNOWN (1.11), old_face None
[2025-12-11 15:28:27] [FACE_STEP] Face: UNKNOWN (1.12), old_face None
[2025-12-11 15:28:29] [FACE_STEP] Face: UNKNOWN (1.03), old_face None
[2025-12-11 15:28:29] [FACE_STEP] Face: UNKNOWN (1.08), old_face None
[2025-12-11 15:28:30] [FACE_STEP] Face: UNKNOWN (1.12), old_face None
[2025-12-11 15:28:30] [FACE_STEP] Face: UNKNOWN (1.14), old_face None
[2025-12-11 15:28:32] [FACE_STEP] Face: UNKNOWN (1.10), old_face None
[2025-12-11 15:28:32] [FACE_STEP] Face: UNKNOWN (1.15), old_face None
[2025-12-11 15:28:34] [FACE_STEP] Face: UNKNOWN (1.12), old_face None
[2025-12-11 15:28:34] [FACE_STEP] Face: UNKNOWN (1.12), old_face None
[2025-12-11 15:28:34] [FACE_STEP] Face: UNKNOWN (1.13), old_face None
[2025-12-11 15:28:35] [FACE_STEP] Face: UNKNOWN (1.09), old_face None
[2025-12-11 15:28:37] [FACE_STEP] Face: UNKNOWN (1.02), old_face None
[2025-12-11 15:28:37] [FACE_STEP] Face: UNKNOWN (1.18), old_face None
[2025-12-11 15:28:38] [FACE_STEP] Face: UNKNOWN (1.09), old_face None
[2025-12-11 15:28:38] [FACE_STEP] Face: UNKNOWN (1.06), old_face None
[2025-12-11 15:28:39] [FACE_STEP] Face: UNKNOWN (1.06), old_face None
[2025-12-11 15:28:39] [FACE_STEP] Face: UNKNOWN (1.10), old_face None
[2025-12-11 15:28:41] [FACE_STEP] Face: UNKNOWN (1.04), old_face None
[2025-12-11 15:28:41] [FACE_STEP] Face: UNKNOWN (1.05), old_face None
[2025-12-11 15:28:42] [FACE_STEP] Face: UNKNOWN (1.23), old_face None
[2025-12-11 15:28:42] [FACE_STEP] Face: UNKNOWN (1.13), old_face None
[2025-12-11 15:28:43] [FACE_STEP] Face: UNKNOWN (1.13), old_face None
[2025-12-11 15:28:43] [FACE_STEP] Face: UNKNOWN (1.13), old_face None
[2025-12-11 15:28:48] [FACE_STEP] Face: UNKNOWN (0.96), old_face None
[2025-12-11 15:28:48] [FACE_STEP] Face: Giovanna (0.83), old_face None
[2025-12-11 15:28:48] [FACE_STEP] LOG ENTRY envoyé pour Giovanna
[2025-12-11 15:28:48] [FACE_STEP] Face: UNKNOWN (1.12), old_face Giovanna
[2025-12-11 15:28:51] [FACE_STEP] Face: UNKNOWN (1.15), old_face Giovanna
[2025-12-11 15:28:51] [FACE_STEP] Face: UNKNOWN (1.11), old_face Giovanna
[2025-12-11 15:28:51] [FACE_STEP] Face: UNKNOWN (1.12), old_face Giovanna
[2025-12-11 15:28:57] [FACE_STEP] Face: UNKNOWN (0.95), old_face Giovanna
[2025-12-11 15:28:58] [FACE_STEP] Face: UNKNOWN (1.09), old_face Giovanna
[2025-12-11 15:28:59] [FACE_STEP] Face: UNKNOWN (1.07), old_face Giovanna
[2025-12-11 15:29:00] [FACE_STEP] Face: UNKNOWN (1.07), old_face Giovanna
[2025-12-11 15:29:00] [FACE_STEP] Face: UNKNOWN (1.07), old_face Giovanna
[2025-12-11 15:29:01] [FACE_STEP] Face: UNKNOWN (1.03), old_face Giovanna
[2025-12-11 15:29:02] [FACE_STEP] Face: UNKNOWN (1.11), old_face Giovanna
[2025-12-11 15:29:02] [FACE_STEP] Face: UNKNOWN (1.11), old_face Giovanna
[2025-12-11 15:29:06] [FACE_STEP] Face: UNKNOWN (1.04), old_face Giovanna
[2025-12-11 15:29:07] [FACE_STEP] Face: UNKNOWN (1.06), old_face Giovanna
[2025-12-11 15:29:10] [FACE_STEP] Face: UNKNOWN (0.93), old_face Giovanna
[2025-12-11 15:29:11] [FACE_STEP] Face: UNKNOWN (0.96), old_face Giovanna
[2025-12-11 15:29:18] [FACE_STEP] Face: UNKNOWN (1.17), old_face Giovanna
[2025-12-11 15:29:18] [FACE_STEP] Face: UNKNOWN (1.03), old_face Giovanna
[2025-12-11 15:29:19] [FACE_STEP] Face: UNKNOWN (1.04), old_face Giovanna
[2025-12-11 15:29:19] [FACE_STEP] Face: UNKNOWN (1.06), old_face Giovanna
[2025-12-11 15:29:20] [FACE_STEP] Face: UNKNOWN (1.11), old_face Giovanna
[2025-12-11 15:29:20] [FACE_STEP] Face: UNKNOWN (1.14), old_face Giovanna
[2025-12-11 15:29:22] [FACE_STEP] Face: UNKNOWN (1.16), old_face Giovanna
[2025-12-11 15:29:22] [FACE_STEP] Face: UNKNOWN (1.09), old_face Giovanna
[2025-12-11 15:29:24] [FACE_STEP] Face: UNKNOWN (1.27), old_face Giovanna
[2025-12-11 15:29:26] [FACE_STEP] Face: UNKNOWN (1.08), old_face Giovanna
[2025-12-11 15:29:26] [FACE_STEP] Face: UNKNOWN (1.07), old_face Giovanna
[2025-12-11 15:29:26] [FACE_STEP] Face: UNKNOWN (1.01), old_face Giovanna
[2025-12-11 15:29:27] [FACE_STEP] Face: UNKNOWN (1.07), old_face Giovanna
[2025-12-11 15:29:27] [FACE_STEP] Face: UNKNOWN (1.11), old_face Giovanna
[2025-12-11 15:29:28] [FACE_STEP] Face: UNKNOWN (1.01), old_face Giovanna
[2025-12-11 15:29:30] [FACE_STEP] Face: UNKNOWN (1.08), old_face Giovanna
[2025-12-11 15:29:30] [FACE_STEP] Face: UNKNOWN (1.08), old_face Giovanna
[2025-12-11 15:29:31] [FACE_STEP] Face: UNKNOWN (1.04), old_face Giovanna
[2025-12-11 15:29:31] [FACE_STEP] Face: UNKNOWN (1.13), old_face Giovanna
[2025-12-11 15:29:31] [FACE_STEP] Face: UNKNOWN (1.14), old_face Giovanna
[2025-12-11 15:29:32] [FACE_STEP] Face: UNKNOWN (1.12), old_face Giovanna
[2025-12-11 15:29:33] [FACE_STEP] Face: UNKNOWN (1.00), old_face Giovanna
[2025-12-11 15:29:36] [FACE_STEP] Face: UNKNOWN (1.09), old_face Giovanna
[2025-12-11 15:29:36] [FACE_STEP] Face: UNKNOWN (1.08), old_face Giovanna
[2025-12-11 15:29:38] [FACE_STEP] Face: UNKNOWN (1.06), old_face Giovanna
[2025-12-11 15:29:39] [FACE_STEP] Face: UNKNOWN (1.07), old_face Giovanna
[2025-12-11 15:29:39] [FACE_STEP] Face: UNKNOWN (1.04), old_face Giovanna
[2025-12-11 15:29:39] [FACE_STEP] Face: UNKNOWN (1.01), old_face Giovanna
[2025-12-11 15:29:40] [FACE_STEP] Face: UNKNOWN (1.07), old_face Giovanna
[2025-12-11 15:29:40] [FACE_STEP] Face: UNKNOWN (1.03), old_face Giovanna
[2025-12-11 15:29:42] [FACE_STEP] Face: UNKNOWN (1.10), old_face Giovanna
[2025-12-11 15:29:43] [FACE_STEP] Face: UNKNOWN (1.02), old_face Giovanna
[2025-12-11 15:29:43] [FACE_STEP] Face: UNKNOWN (0.97), old_face Giovanna
[2025-12-11 15:29:45] [FACE_STEP] Face: UNKNOWN (1.06), old_face Giovanna
[2025-12-11 15:29:45] [FACE_STEP] Face: UNKNOWN (1.00), old_face Giovanna
[2025-12-11 15:29:45] [FACE_STEP] Face: UNKNOWN (0.99), old_face Giovanna
[2025-12-11 15:29:45] [FACE_STEP] Face: UNKNOWN (1.05), old_face Giovanna
[2025-12-11 15:29:46] [FACE_STEP] Face: UNKNOWN (1.03), old_face Giovanna
[2025-12-11 15:29:46] [FACE_STEP] Face: UNKNOWN (1.03), old_face Giovanna
[2025-12-11 15:29:50] [FACE_STEP] Face: UNKNOWN (1.22), old_face Giovanna
[2025-12-11 15:29:52] [FACE_STEP] Face: UNKNOWN (1.18), old_face Giovanna
[2025-12-11 15:29:52] [FACE_STEP] Face: UNKNOWN (1.06), old_face Giovanna
[2025-12-11 15:29:52] [FACE_STEP] Face: UNKNOWN (1.14), old_face Giovanna
[2025-12-11 15:29:52] [FACE_STEP] Face: UNKNOWN (1.14), old_face Giovanna
[2025-12-11 15:29:52] [FACE_STEP] Face: UNKNOWN (1.11), old_face Giovanna
[2025-12-11 15:29:53] [FACE_STEP] Face: UNKNOWN (1.17), old_face Giovanna
[2025-12-11 15:29:55] [FACE_STEP] Face: UNKNOWN (1.14), old_face Giovanna
[2025-12-11 15:30:22] [FSM] Start at state: WAIT_CAR
[2025-12-11 15:30:22] ========== 🔁 Nouveau cycle du scénario ==========
[2025-12-11 15:30:22] [FSM] Lancement de l'étape 'WAIT_CAR' via action 'wait_car_step'
[2025-12-11 15:30:25] [FSM] OK : WAIT_CAR → QR
[2025-12-11 15:30:25] [FSM] Lancement de l'étape 'QR' via action 'qr_step'
[2025-12-11 15:30:27] [FSM] OK : QR → FACE
[2025-12-11 15:30:27] [FSM] Lancement de l'étape 'FACE' via action 'face_step'
[2025-12-11 15:30:27] [FACE_STEP] Device: cuda:0
[2025-12-11 15:30:27] [FACE_STEP] Loading embeddings from: /home/jetson/ros2_ws/install/ai_pkg/share/ai_pkg/models/embeddings.npy
[2025-12-11 15:30:27] [FACE_STEP] Loading names from: /home/jetson/ros2_ws/install/ai_pkg/share/ai_pkg/models/names.npy
[2025-12-11 15:30:27] [FACE_STEP] Database loaded: 26 identities
[2025-12-11 15:30:28] [FACE_STEP] Face step server ready, subscribed to /image_raw/compressed
[2025-12-11 15:30:28] [FACE_STEP] Étape démarrée, attente visage...
[2025-12-11 15:30:33] [FACE_STEP] Face: UNKNOWN (1.09), old_face None
[2025-12-11 15:30:33] [FACE_STEP] Face: UNKNOWN (1.04), old_face None
[2025-12-11 15:30:33] [FACE_STEP] Face: UNKNOWN (1.24), old_face None
[2025-12-11 15:30:33] [FACE_STEP] Visage détecté (UNKNOWN), étape OK
[2025-12-11 15:30:33] [FSM] OK : FACE → DIALOG
[2025-12-11 15:30:33] [FSM] Lancement de l'étape 'DIALOG' via action 'dialog_step'
[2025-12-11 15:30:33] [FACE_STEP] Face: UNKNOWN (1.18), old_face None
[2025-12-11 15:30:33] [FACE_STEP] Face: UNKNOWN (1.10), old_face None
[2025-12-11 15:30:34] [FACE_STEP] Face: UNKNOWN (1.13), old_face None
[2025-12-11 15:30:34] [FACE_STEP] Face: UNKNOWN (1.23), old_face None
[2025-12-11 15:30:35] [FSM] OK : DIALOG → WAIT_CAR
[2025-12-11 15:30:35] [FSM] 🎉 Scénario terminé ! On recommence...
[2025-12-11 15:30:35] ========== 🔁 Nouveau cycle du scénario ==========
[2025-12-11 15:30:35] [FSM] Lancement de l'étape 'WAIT_CAR' via action 'wait_car_step'
[2025-12-11 15:30:37] [FSM] OK : WAIT_CAR → QR
[2025-12-11 15:30:37] [FSM] Lancement de l'étape 'QR' via action 'qr_step'
[2025-12-11 15:30:40] [FSM] OK : QR → FACE
[2025-12-11 15:30:40] [FSM] Lancement de l'étape 'FACE' via action 'face_step'
[2025-12-11 15:30:40] [FACE_STEP] Étape démarrée, attente visage...
[2025-12-11 15:30:42] [FACE_STEP] Face: UNKNOWN (1.10), old_face None
[2025-12-11 15:30:42] [FACE_STEP] Visage détecté (UNKNOWN), étape OK
[2025-12-11 15:30:42] [FSM] OK : FACE → DIALOG
[2025-12-11 15:30:42] [FSM] Lancement de l'étape 'DIALOG' via action 'dialog_step'
[2025-12-11 15:30:42] [FACE_STEP] Face: UNKNOWN (1.12), old_face None
[2025-12-11 15:30:43] [FACE_STEP] Face: UNKNOWN (1.05), old_face None
[2025-12-11 15:30:43] [FACE_STEP] Face: UNKNOWN (1.02), old_face None
[2025-12-11 15:30:43] [FACE_STEP] Face: UNKNOWN (0.98), old_face None
[2025-12-11 15:30:43] [FACE_STEP] Face: UNKNOWN (1.09), old_face None
[2025-12-11 15:30:44] [FSM] OK : DIALOG → WAIT_CAR
[2025-12-11 15:30:44] [FSM] 🎉 Scénario terminé ! On recommence...
[2025-12-11 15:30:44] ========== 🔁 Nouveau cycle du scénario ==========
[2025-12-11 15:30:44] [FSM] Lancement de l'étape 'WAIT_CAR' via action 'wait_car_step'
[2025-12-11 15:30:46] [FSM] OK : WAIT_CAR → QR
[2025-12-11 15:30:46] [FSM] Lancement de l'étape 'QR' via action 'qr_step'
[2025-12-11 15:30:48] [FSM] OK : QR → FACE
[2025-12-11 15:30:48] [FSM] Lancement de l'étape 'FACE' via action 'face_step'
[2025-12-11 15:30:48] [FACE_STEP] Étape démarrée, attente visage...
[2025-12-11 15:30:50] [FACE_STEP] Face: UNKNOWN (1.15), old_face None
[2025-12-11 15:30:50] [FACE_STEP] Visage détecté (UNKNOWN), étape OK
[2025-12-11 15:30:50] [FSM] OK : FACE → DIALOG
[2025-12-11 15:30:50] [FSM] Lancement de l'étape 'DIALOG' via action 'dialog_step'
[2025-12-11 15:30:50] [FACE_STEP] Face: UNKNOWN (1.03), old_face None
[2025-12-11 15:30:50] [FACE_STEP] Face: UNKNOWN (1.03), old_face None
[2025-12-11 15:30:50] [FACE_STEP] Face: UNKNOWN (0.97), old_face None
[2025-12-11 15:30:50] [FACE_STEP] Face: UNKNOWN (0.95), old_face None
[2025-12-11 15:30:50] [FACE_STEP] Face: UNKNOWN (0.98), old_face None
[2025-12-11 15:30:52] [FSM] OK : DIALOG → WAIT_CAR
[2025-12-11 15:30:52] [FSM] 🎉 Scénario terminé ! On recommence...
[2025-12-11 15:30:52] ========== 🔁 Nouveau cycle du scénario ==========
[2025-12-11 15:30:52] [FSM] Lancement de l'étape 'WAIT_CAR' via action 'wait_car_step'
[2025-12-11 15:30:54] [FSM] OK : WAIT_CAR → QR
[2025-12-11 15:30:54] [FSM] Lancement de l'étape 'QR' via action 'qr_step'
[2025-12-11 15:30:56] [FSM] OK : QR → FACE
[2025-12-11 15:30:56] [FSM] Lancement de l'étape 'FACE' via action 'face_step'
[2025-12-11 15:30:56] [FACE_STEP] Étape démarrée, attente visage...
[2025-12-11 15:30:58] [FACE_STEP] Face: UNKNOWN (1.17), old_face None
[2025-12-11 15:30:58] [FACE_STEP] Visage détecté (UNKNOWN), étape OK
[2025-12-11 15:30:58] [FSM] OK : FACE → DIALOG
[2025-12-11 15:30:58] [FSM] Lancement de l'étape 'DIALOG' via action 'dialog_step'
[2025-12-11 15:30:58] [FACE_STEP] Face: UNKNOWN (1.19), old_face None
[2025-12-11 15:30:58] [FACE_STEP] Face: UNKNOWN (1.16), old_face None
[2025-12-11 15:30:58] [FACE_STEP] Face: UNKNOWN (1.17), old_face None
[2025-12-11 15:30:58] [FACE_STEP] Face: UNKNOWN (1.10), old_face None
[2025-12-11 15:30:58] [FACE_STEP] Face: UNKNOWN (1.12), old_face None
[2025-12-11 15:31:00] [FSM] OK : DIALOG → WAIT_CAR
[2025-12-11 15:31:00] [FSM] 🎉 Scénario terminé ! On recommence...
[2025-12-11 15:31:00] ========== 🔁 Nouveau cycle du scénario ==========
[2025-12-11 15:31:00] [FSM] Lancement de l'étape 'WAIT_CAR' via action 'wait_car_step'
[2025-12-11 15:31:02] [FSM] OK : WAIT_CAR → QR
[2025-12-11 15:31:02] [FSM] Lancement de l'étape 'QR' via action 'qr_step'
[2025-12-11 15:31:04] [FSM] OK : QR → FACE
[2025-12-11 15:31:04] [FSM] Lancement de l'étape 'FACE' via action 'face_step'
[2025-12-11 15:31:04] [FACE_STEP] Étape démarrée, attente visage...
[2025-12-11 15:31:06] [FACE_STEP] Face: UNKNOWN (1.21), old_face None
[2025-12-11 15:31:06] [FACE_STEP] Visage détecté (UNKNOWN), étape OK
[2025-12-11 15:31:06] [FSM] OK : FACE → DIALOG
[2025-12-11 15:31:06] [FSM] Lancement de l'étape 'DIALOG' via action 'dialog_step'
[2025-12-11 15:31:06] [FACE_STEP] Face: UNKNOWN (1.15), old_face None
[2025-12-11 15:31:06] [FACE_STEP] Face: UNKNOWN (1.22), old_face None
[2025-12-11 15:31:06] [FACE_STEP] Face: UNKNOWN (1.13), old_face None
[2025-12-11 15:31:06] [FACE_STEP] Face: UNKNOWN (1.23), old_face None
[2025-12-11 15:31:06] [FACE_STEP] Face: UNKNOWN (1.08), old_face None
[2025-12-11 15:31:08] [FSM] OK : DIALOG → WAIT_CAR
[2025-12-11 15:31:08] [FSM] 🎉 Scénario terminé ! On recommence...
[2025-12-11 15:31:08] ========== 🔁 Nouveau cycle du scénario ==========
[2025-12-11 15:31:08] [FSM] Lancement de l'étape 'WAIT_CAR' via action 'wait_car_step'
[2025-12-11 15:31:10] [FSM] OK : WAIT_CAR → QR
[2025-12-11 15:31:10] [FSM] Lancement de l'étape 'QR' via action 'qr_step'
[2025-12-11 15:31:12] [FSM] OK : QR → FACE
[2025-12-11 15:31:12] [FSM] Lancement de l'étape 'FACE' via action 'face_step'
[2025-12-11 15:31:12] [FACE_STEP] Étape démarrée, attente visage...
[2025-12-11 15:31:14] [FACE_STEP] Face: UNKNOWN (1.15), old_face None
[2025-12-11 15:31:14] [FACE_STEP] Visage détecté (UNKNOWN), étape OK
[2025-12-11 15:31:15] [FSM] OK : FACE → DIALOG
[2025-12-11 15:31:15] [FSM] Lancement de l'étape 'DIALOG' via action 'dialog_step'
[2025-12-11 15:31:15] [FACE_STEP] Face: UNKNOWN (1.14), old_face None
[2025-12-11 15:31:15] [FACE_STEP] Face: UNKNOWN (1.06), old_face None
[2025-12-11 15:31:15] [FACE_STEP] Face: UNKNOWN (1.04), old_face None
[2025-12-11 15:31:15] [FACE_STEP] Face: UNKNOWN (0.99), old_face None
[2025-12-11 15:31:15] [FACE_STEP] Face: UNKNOWN (1.17), old_face None
[2025-12-11 15:31:17] [FSM] OK : DIALOG → WAIT_CAR
[2025-12-11 15:31:17] [FSM] 🎉 Scénario terminé ! On recommence...
[2025-12-11 15:31:17] ========== 🔁 Nouveau cycle du scénario ==========
[2025-12-11 15:31:17] [FSM] Lancement de l'étape 'WAIT_CAR' via action 'wait_car_step'
[2025-12-11 15:31:19] [FSM] OK : WAIT_CAR → QR
[2025-12-11 15:31:19] [FSM] Lancement de l'étape 'QR' via action 'qr_step'
[2025-12-11 15:31:21] [FSM] OK : QR → FACE
[2025-12-11 15:31:21] [FSM] Lancement de l'étape 'FACE' via action 'face_step'
[2025-12-11 15:31:21] [FACE_STEP] Étape démarrée, attente visage...
[2025-12-11 15:31:24] [FACE_STEP] Face: UNKNOWN (1.18), old_face None
[2025-12-11 15:31:24] [FACE_STEP] Visage détecté (UNKNOWN), étape OK
[2025-12-11 15:31:24] [FACE_STEP] Face: UNKNOWN (1.11), old_face None
[2025-12-11 15:31:24] [FSM] OK : FACE → DIALOG
[2025-12-11 15:31:24] [FSM] Lancement de l'étape 'DIALOG' via action 'dialog_step'
[2025-12-11 15:31:24] [FACE_STEP] Face: UNKNOWN (1.19), old_face None
[2025-12-11 15:31:24] [FACE_STEP] Face: UNKNOWN (1.19), old_face None
[2025-12-11 15:31:24] [FACE_STEP] Face: UNKNOWN (1.02), old_face None
[2025-12-11 15:31:24] [FACE_STEP] Face: UNKNOWN (1.00), old_face None
[2025-12-11 15:31:26] [FSM] OK : DIALOG → WAIT_CAR
[2025-12-11 15:31:26] [FSM] 🎉 Scénario terminé ! On recommence...
[2025-12-11 15:31:26] ========== 🔁 Nouveau cycle du scénario ==========
[2025-12-11 15:31:26] [FSM] Lancement de l'étape 'WAIT_CAR' via action 'wait_car_step'
[2025-12-11 15:31:28] [FSM] OK : WAIT_CAR → QR
[2025-12-11 15:31:28] [FSM] Lancement de l'étape 'QR' via action 'qr_step'
[2025-12-11 15:31:30] [FSM] OK : QR → FACE
[2025-12-11 15:31:30] [FSM] Lancement de l'étape 'FACE' via action 'face_step'
[2025-12-11 15:31:30] [FACE_STEP] Étape démarrée, attente visage...
[2025-12-11 15:31:33] [FACE_STEP] Face: UNKNOWN (1.11), old_face None
[2025-12-11 15:31:33] [FACE_STEP] Visage détecté (UNKNOWN), étape OK
[2025-12-11 15:31:33] [FSM] OK : FACE → DIALOG
[2025-12-11 15:31:33] [FSM] Lancement de l'étape 'DIALOG' via action 'dialog_step'
[2025-12-11 15:31:33] [FACE_STEP] Face: UNKNOWN (1.13), old_face None
[2025-12-11 15:31:33] [FACE_STEP] Face: UNKNOWN (1.13), old_face None
[2025-12-11 15:31:33] [FACE_STEP] Face: UNKNOWN (1.13), old_face None
[2025-12-11 15:31:33] [FACE_STEP] Face: UNKNOWN (1.10), old_face None
[2025-12-11 15:31:33] [FACE_STEP] Face: UNKNOWN (1.21), old_face None
[2025-12-11 15:31:35] [FSM] OK : DIALOG → WAIT_CAR
[2025-12-11 15:31:35] [FSM] 🎉 Scénario terminé ! On recommence...
[2025-12-11 15:31:35] ========== 🔁 Nouveau cycle du scénario ==========
[2025-12-11 15:31:35] [FSM] Lancement de l'étape 'WAIT_CAR' via action 'wait_car_step'
[2025-12-11 15:31:37] [FSM] OK : WAIT_CAR → QR
[2025-12-11 15:31:37] [FSM] Lancement de l'étape 'QR' via action 'qr_step'
[2025-12-11 15:31:39] [FSM] OK : QR → FACE
[2025-12-11 15:31:39] [FSM] Lancement de l'étape 'FACE' via action 'face_step'
[2025-12-11 15:31:39] [FACE_STEP] Étape démarrée, attente visage...
[2025-12-11 15:31:42] [FACE_STEP] Face: UNKNOWN (1.12), old_face None
[2025-12-11 15:31:42] [FACE_STEP] Visage détecté (UNKNOWN), étape OK
[2025-12-11 15:31:42] [FSM] OK : FACE → DIALOG
[2025-12-11 15:31:42] [FSM] Lancement de l'étape 'DIALOG' via action 'dialog_step'
[2025-12-11 15:31:42] [FACE_STEP] Face: UNKNOWN (1.07), old_face None
[2025-12-11 15:31:42] [FACE_STEP] Face: UNKNOWN (1.08), old_face None
[2025-12-11 15:31:42] [FACE_STEP] Face: UNKNOWN (1.09), old_face None
[2025-12-11 15:31:42] [FACE_STEP] Face: UNKNOWN (1.03), old_face None
[2025-12-11 15:31:42] [FACE_STEP] Face: UNKNOWN (1.04), old_face None
[2025-12-11 15:31:44] [FSM] OK : DIALOG → WAIT_CAR
[2025-12-11 15:31:44] [FSM] 🎉 Scénario terminé ! On recommence...
[2025-12-11 15:31:44] ========== 🔁 Nouveau cycle du scénario ==========
[2025-12-11 15:31:44] [FSM] Lancement de l'étape 'WAIT_CAR' via action 'wait_car_step'
[2025-12-11 15:31:46] [FSM] OK : WAIT_CAR → QR
[2025-12-11 15:31:46] [FSM] Lancement de l'étape 'QR' via action 'qr_step'
[2025-12-11 15:31:48] [FSM] OK : QR → FACE
[2025-12-11 15:31:48] [FSM] Lancement de l'étape 'FACE' via action 'face_step'
[2025-12-11 15:31:48] [FACE_STEP] Étape démarrée, attente visage...
[2025-12-11 15:31:50] [FACE_STEP] Face: UNKNOWN (1.23), old_face None
[2025-12-11 15:31:50] [FACE_STEP] Visage détecté (UNKNOWN), étape OK
[2025-12-11 15:31:50] [FSM] OK : FACE → DIALOG
[2025-12-11 15:31:50] [FSM] Lancement de l'étape 'DIALOG' via action 'dialog_step'
[2025-12-11 15:31:50] [FACE_STEP] Face: UNKNOWN (1.22), old_face None
[2025-12-11 15:31:50] [FACE_STEP] Face: UNKNOWN (1.24), old_face None
[2025-12-11 15:31:50] [FACE_STEP] Face: UNKNOWN (1.18), old_face None
[2025-12-11 15:31:50] [FACE_STEP] Face: UNKNOWN (1.19), old_face None
[2025-12-11 15:31:51] [FACE_STEP] Face: UNKNOWN (1.18), old_face None
[2025-12-11 15:31:52] [FSM] OK : DIALOG → WAIT_CAR
[2025-12-11 15:31:52] [FSM] 🎉 Scénario terminé ! On recommence...
[2025-12-11 15:31:52] ========== 🔁 Nouveau cycle du scénario ==========
[2025-12-11 15:31:52] [FSM] Lancement de l'étape 'WAIT_CAR' via action 'wait_car_step'
[2025-12-11 15:31:54] [FSM] OK : WAIT_CAR → QR
[2025-12-11 15:31:54] [FSM] Lancement de l'étape 'QR' via action 'qr_step'
[2025-12-11 15:31:56] [FSM] OK : QR → FACE
[2025-12-11 15:31:56] [FSM] Lancement de l'étape 'FACE' via action 'face_step'
[2025-12-11 15:31:56] [FACE_STEP] Étape démarrée, attente visage...
[2025-12-11 15:31:59] [FACE_STEP] Face: UNKNOWN (1.04), old_face None
[2025-12-11 15:31:59] [FACE_STEP] Visage détecté (UNKNOWN), étape OK
[2025-12-11 15:31:59] [FSM] OK : FACE → DIALOG
[2025-12-11 15:31:59] [FSM] Lancement de l'étape 'DIALOG' via action 'dialog_step'
[2025-12-11 15:31:59] [FACE_STEP] Face: UNKNOWN (1.01), old_face None
[2025-12-11 15:31:59] [FACE_STEP] Face: UNKNOWN (1.06), old_face None
[2025-12-11 15:31:59] [FACE_STEP] Face: UNKNOWN (1.09), old_face None
[2025-12-11 15:31:59] [FACE_STEP] Face: UNKNOWN (1.03), old_face None
[2025-12-11 15:31:59] [FACE_STEP] Face: UNKNOWN (1.12), old_face None
[2025-12-11 15:32:01] [FSM] OK : DIALOG → WAIT_CAR
[2025-12-11 15:32:01] [FSM] 🎉 Scénario terminé ! On recommence...
[2025-12-11 15:32:01] ========== 🔁 Nouveau cycle du scénario ==========
[2025-12-11 15:32:01] [FSM] Lancement de l'étape 'WAIT_CAR' via action 'wait_car_step'
[2025-12-11 15:32:03] [FSM] OK : WAIT_CAR → QR
[2025-12-11 15:32:03] [FSM] Lancement de l'étape 'QR' via action 'qr_step'
[2025-12-11 15:32:05] [FSM] OK : QR → FACE
[2025-12-11 15:32:05] [FSM] Lancement de l'étape 'FACE' via action 'face_step'
[2025-12-11 15:32:05] [FACE_STEP] Étape démarrée, attente visage...
[2025-12-11 15:32:07] [FACE_STEP] Face: UNKNOWN (1.08), old_face None
[2025-12-11 15:32:07] [FACE_STEP] Visage détecté (UNKNOWN), étape OK
[2025-12-11 15:32:07] [FACE_STEP] Face: UNKNOWN (1.08), old_face None
[2025-12-11 15:32:08] [FACE_STEP] Face: UNKNOWN (1.26), old_face None
[2025-12-11 15:32:08] [FSM] OK : FACE → DIALOG
[2025-12-11 15:32:08] [FSM] Lancement de l'étape 'DIALOG' via action 'dialog_step'
[2025-12-11 15:32:08] [FACE_STEP] Face: UNKNOWN (1.21), old_face None
[2025-12-11 15:32:08] [FACE_STEP] Face: UNKNOWN (1.20), old_face None
[2025-12-11 15:32:08] [FACE_STEP] Face: UNKNOWN (1.13), old_face None
[2025-12-11 15:32:10] [FSM] OK : DIALOG → WAIT_CAR
[2025-12-11 15:32:10] [FSM] 🎉 Scénario terminé ! On recommence...
[2025-12-11 15:32:10] ========== 🔁 Nouveau cycle du scénario ==========
[2025-12-11 15:32:10] [FSM] Lancement de l'étape 'WAIT_CAR' via action 'wait_car_step'
[2025-12-11 15:32:12] [FSM] OK : WAIT_CAR → QR
[2025-12-11 15:32:12] [FSM] Lancement de l'étape 'QR' via action 'qr_step'
[2025-12-11 15:32:14] [FSM] OK : QR → FACE
[2025-12-11 15:32:14] [FSM] Lancement de l'étape 'FACE' via action 'face_step'
[2025-12-11 15:32:14] [FACE_STEP] Étape démarrée, attente visage...
[2025-12-11 15:32:16] [FACE_STEP] Face: UNKNOWN (1.20), old_face None
[2025-12-11 15:32:16] [FACE_STEP] Visage détecté (UNKNOWN), étape OK
[2025-12-11 15:32:16] [FSM] OK : FACE → DIALOG
[2025-12-11 15:32:16] [FSM] Lancement de l'étape 'DIALOG' via action 'dialog_step'
[2025-12-11 15:32:16] [FACE_STEP] Face: UNKNOWN (1.17), old_face None
[2025-12-11 15:32:16] [FACE_STEP] Face: UNKNOWN (1.14), old_face None
[2025-12-11 15:32:16] [FACE_STEP] Face: UNKNOWN (1.22), old_face None
[2025-12-11 15:32:16] [FACE_STEP] Face: UNKNOWN (1.10), old_face None
[2025-12-11 15:32:16] [FACE_STEP] Face: Gaspar (0.87), old_face None
[2025-12-11 15:32:16] [FACE_STEP] LOG ENTRY envoyé pour Gaspar
[2025-12-11 15:32:18] [FSM] OK : DIALOG → WAIT_CAR
[2025-12-11 15:32:18] [FSM] 🎉 Scénario terminé ! On recommence...
[2025-12-11 15:32:18] ========== 🔁 Nouveau cycle du scénario ==========
[2025-12-11 15:32:18] [FSM] Lancement de l'étape 'WAIT_CAR' via action 'wait_car_step'
[2025-12-11 15:32:20] [FSM] OK : WAIT_CAR → QR
[2025-12-11 15:32:20] [FSM] Lancement de l'étape 'QR' via action 'qr_step'
[2025-12-11 15:32:22] [FSM] OK : QR → FACE
[2025-12-11 15:32:22] [FSM] Lancement de l'étape 'FACE' via action 'face_step'
[2025-12-11 15:32:22] [FACE_STEP] Étape démarrée, attente visage...
[2025-12-11 15:32:25] [FACE_STEP] Face: UNKNOWN (1.21), old_face None
[2025-12-11 15:32:25] [FACE_STEP] Visage détecté (UNKNOWN), étape OK
[2025-12-11 15:32:25] [FSM] OK : FACE → DIALOG
[2025-12-11 15:32:25] [FSM] Lancement de l'étape 'DIALOG' via action 'dialog_step'
[2025-12-11 15:32:25] [FACE_STEP] Face: UNKNOWN (1.10), old_face None
[2025-12-11 15:32:25] [FACE_STEP] Face: UNKNOWN (1.12), old_face None
[2025-12-11 15:32:25] [FACE_STEP] Face: UNKNOWN (1.05), old_face None
[2025-12-11 15:32:25] [FACE_STEP] Face: UNKNOWN (1.01), old_face None
[2025-12-11 15:32:26] [FACE_STEP] Face: UNKNOWN (1.06), old_face None
[2025-12-11 15:32:27] [FSM] OK : DIALOG → WAIT_CAR
[2025-12-11 15:32:27] [FSM] 🎉 Scénario terminé ! On recommence...
[2025-12-11 15:32:27] ========== 🔁 Nouveau cycle du scénario ==========
[2025-12-11 15:32:27] [FSM] Lancement de l'étape 'WAIT_CAR' via action 'wait_car_step'
[2025-12-11 15:32:29] [FSM] OK : WAIT_CAR → QR
[2025-12-11 15:32:29] [FSM] Lancement de l'étape 'QR' via action 'qr_step'
[2025-12-11 15:32:31] [FSM] OK : QR → FACE
[2025-12-11 15:32:31] [FSM] Lancement de l'étape 'FACE' via action 'face_step'
[2025-12-11 15:32:32] [FACE_STEP] Étape démarrée, attente visage...
[2025-12-11 15:32:37] [FACE_STEP] Face: UNKNOWN (1.21), old_face None
[2025-12-11 15:32:37] [FACE_STEP] Face: UNKNOWN (0.97), old_face None
[2025-12-11 15:32:37] [FACE_STEP] Visage détecté (UNKNOWN), étape OK
[2025-12-11 15:32:37] [FSM] OK : FACE → DIALOG
[2025-12-11 15:32:37] [FSM] Lancement de l'étape 'DIALOG' via action 'dialog_step'
[2025-12-11 15:32:37] [FACE_STEP] Face: UNKNOWN (1.07), old_face None
[2025-12-11 15:32:37] [FACE_STEP] Face: UNKNOWN (1.03), old_face None
[2025-12-11 15:32:37] [FACE_STEP] Face: UNKNOWN (0.95), old_face None
[2025-12-11 15:32:38] [FACE_STEP] Face: UNKNOWN (1.06), old_face None
[2025-12-11 15:32:38] [FACE_STEP] Face: UNKNOWN (1.08), old_face None
[2025-12-11 15:32:39] [FSM] OK : DIALOG → WAIT_CAR
[2025-12-11 15:32:39] [FSM] 🎉 Scénario terminé ! On recommence...
[2025-12-11 15:32:39] ========== 🔁 Nouveau cycle du scénario ==========
[2025-12-11 15:32:39] [FSM] Lancement de l'étape 'WAIT_CAR' via action 'wait_car_step'
[2025-12-11 15:32:41] [FSM] OK : WAIT_CAR → QR
[2025-12-11 15:32:41] [FSM] Lancement de l'étape 'QR' via action 'qr_step'
[2025-12-11 15:32:43] [FSM] OK : QR → FACE
[2025-12-11 15:32:43] [FSM] Lancement de l'étape 'FACE' via action 'face_step'
[2025-12-11 15:32:44] [FACE_STEP] Étape démarrée, attente visage...
[2025-12-11 15:32:45] [FACE_STEP] Face: UNKNOWN (1.00), old_face None
[2025-12-11 15:32:45] [FACE_STEP] Visage détecté (UNKNOWN), étape OK
[2025-12-11 15:32:45] [FSM] OK : FACE → DIALOG
[2025-12-11 15:32:45] [FSM] Lancement de l'étape 'DIALOG' via action 'dialog_step'
[2025-12-11 15:32:45] [FACE_STEP] Face: UNKNOWN (1.00), old_face None
[2025-12-11 15:32:45] [FACE_STEP] Face: UNKNOWN (1.01), old_face None
[2025-12-11 15:32:45] [FACE_STEP] Face: UNKNOWN (1.03), old_face None
[2025-12-11 15:32:45] [FACE_STEP] Face: UNKNOWN (0.98), old_face None
[2025-12-11 15:32:45] [FACE_STEP] Face: UNKNOWN (0.99), old_face None
[2025-12-11 15:32:47] [FSM] OK : DIALOG → WAIT_CAR
[2025-12-11 15:32:47] [FSM] 🎉 Scénario terminé ! On recommence...
[2025-12-11 15:32:47] ========== 🔁 Nouveau cycle du scénario ==========
[2025-12-11 15:32:47] [FSM] Lancement de l'étape 'WAIT_CAR' via action 'wait_car_step'
[2025-12-11 15:32:49] [FSM] OK : WAIT_CAR → QR
[2025-12-11 15:32:49] [FSM] Lancement de l'étape 'QR' via action 'qr_step'
[2025-12-11 15:32:51] [FSM] OK : QR → FACE
[2025-12-11 15:32:51] [FSM] Lancement de l'étape 'FACE' via action 'face_step'
[2025-12-11 15:32:51] [FACE_STEP] Étape démarrée, attente visage...
[2025-12-11 15:32:55] [FACE_STEP] Face: Gaspar (0.89), old_face None
[2025-12-11 15:32:55] [FACE_STEP] LOG ENTRY envoyé pour Gaspar
[2025-12-11 15:32:55] [FACE_STEP] Visage détecté et reconnu : Gaspar, étape OK
[2025-12-11 15:32:55] [FSM] OK : FACE → DIALOG
[2025-12-11 15:32:55] [FSM] Lancement de l'étape 'DIALOG' via action 'dialog_step'
[2025-12-11 15:32:55] [FACE_STEP] Face: UNKNOWN (1.22), old_face Gaspar
[2025-12-11 15:32:55] [FACE_STEP] Face: UNKNOWN (1.01), old_face Gaspar
[2025-12-11 15:32:57] [FSM] OK : DIALOG → WAIT_CAR
[2025-12-11 15:32:57] [FSM] 🎉 Scénario terminé ! On recommence...
[2025-12-11 15:32:57] ========== 🔁 Nouveau cycle du scénario ==========
[2025-12-11 15:32:57] [FSM] Lancement de l'étape 'WAIT_CAR' via action 'wait_car_step'
[2025-12-11 15:32:59] [FSM] OK : WAIT_CAR → QR
[2025-12-11 15:32:59] [FSM] Lancement de l'étape 'QR' via action 'qr_step'
[2025-12-11 15:33:01] [FSM] OK : QR → FACE
[2025-12-11 15:33:01] [FSM] Lancement de l'étape 'FACE' via action 'face_step'
[2025-12-11 15:33:01] [FACE_STEP] Étape démarrée, attente visage...
[2025-12-11 15:33:34] [FSM] Start at state: WAIT_CAR
[2025-12-11 15:33:34] ========== 🔁 Nouveau cycle du scénario ==========
[2025-12-11 15:33:34] [FSM] Lancement de l'étape 'WAIT_CAR' via action 'wait_car_step'
[2025-12-11 15:33:37] [FSM] OK : WAIT_CAR → QR
[2025-12-11 15:33:37] [FSM] Lancement de l'étape 'QR' via action 'qr_step'
[2025-12-11 15:33:39] [FSM] OK : QR → FACE
[2025-12-11 15:33:39] [FSM] Lancement de l'étape 'FACE' via action 'face_step'
[2025-12-11 15:33:40] [FACE_STEP] Device: cuda:0
[2025-12-11 15:33:40] [FACE_STEP] Loading embeddings from: /home/jetson/ros2_ws/install/ai_pkg/share/ai_pkg/models/embeddings.npy
[2025-12-11 15:33:40] [FACE_STEP] Loading names from: /home/jetson/ros2_ws/install/ai_pkg/share/ai_pkg/models/names.npy
[2025-12-11 15:33:40] [FACE_STEP] Database loaded: 26 identities
[2025-12-11 15:33:41] [FACE_STEP] Face step server ready (pas encore abonné à la caméra)
[2025-12-11 15:33:41] [FACE_STEP] Étape démarrée, attente visage...
[2025-12-11 15:33:41] [FACE_STEP] Subscription à /image_raw/compressed créée pour l'action FACE
[2025-12-11 15:33:47] [FACE_STEP] Face: UNKNOWN (1.12), old_face None
[2025-12-11 15:33:47] [FACE_STEP] Visage détecté (UNKNOWN), étape OK
[2025-12-11 15:33:47] [FACE_STEP] Subscription à /image_raw/compressed détruite (fin de l'action FACE)
[2025-12-11 15:33:47] [FSM] OK : FACE → DIALOG
[2025-12-11 15:33:47] [FSM] Lancement de l'étape 'DIALOG' via action 'dialog_step'
[2025-12-11 15:33:49] [FSM] OK : DIALOG → WAIT_CAR
[2025-12-11 15:33:49] [FSM] 🎉 Scénario terminé ! On recommence...
[2025-12-11 15:33:49] ========== 🔁 Nouveau cycle du scénario ==========
[2025-12-11 15:33:49] [FSM] Lancement de l'étape 'WAIT_CAR' via action 'wait_car_step'
[2025-12-11 15:33:51] [FSM] OK : WAIT_CAR → QR
[2025-12-11 15:33:51] [FSM] Lancement de l'étape 'QR' via action 'qr_step'
[2025-12-11 15:33:53] [FSM] OK : QR → FACE
[2025-12-11 15:33:53] [FSM] Lancement de l'étape 'FACE' via action 'face_step'
[2025-12-11 15:36:46] [FSM] Start at state: WAIT_CAR
[2025-12-11 15:36:46] ========== 🔁 Nouveau cycle du scénario ==========
[2025-12-11 15:36:46] [FSM] Lancement de l'étape 'WAIT_CAR' via action 'wait_car_step'
[2025-12-11 15:36:49] [FSM] OK : WAIT_CAR → QR
[2025-12-11 15:36:49] [FSM] Lancement de l'étape 'QR' via action 'qr_step'
[2025-12-11 15:36:51] [FSM] OK : QR → FACE
[2025-12-11 15:36:51] [FSM] Lancement de l'étape 'FACE' via action 'face_step'
[2025-12-11 15:36:52] [FACE_STEP] Device: cuda:0
[2025-12-11 15:36:52] [FACE_STEP] Face step server ready, subscribed to /image_raw/compressed
[2025-12-11 15:36:52] [FACE_STEP] Étape démarrée, attente visage...
[2025-12-11 15:36:55] [FACE_STEP] Visage détecté dans l'image
[2025-12-11 15:36:55] [FACE_STEP] Visage détecté dans l'image
[2025-12-11 15:36:55] [FACE_STEP] Visage détecté dans l'image
[2025-12-11 15:36:55] [FACE_STEP] Visage détecté → étape FACE OK, on sort de l'état
[2025-12-11 15:36:55] [FSM] OK : FACE → DIALOG
[2025-12-11 15:36:55] [FSM] Lancement de l'étape 'DIALOG' via action 'dialog_step'
[2025-12-11 15:36:57] [FSM] OK : DIALOG → WAIT_CAR
[2025-12-11 15:36:57] [FSM] 🎉 Scénario terminé ! On recommence...
[2025-12-11 15:36:57] ========== 🔁 Nouveau cycle du scénario ==========
[2025-12-11 15:36:57] [FSM] Lancement de l'étape 'WAIT_CAR' via action 'wait_car_step'
[2025-12-11 15:36:59] [FSM] OK : WAIT_CAR → QR
[2025-12-11 15:36:59] [FSM] Lancement de l'étape 'QR' via action 'qr_step'
[2025-12-11 15:37:01] [FSM] OK : QR → FACE
[2025-12-11 15:37:01] [FSM] Lancement de l'étape 'FACE' via action 'face_step'
[2025-12-11 15:37:01] [FACE_STEP] Étape démarrée, attente visage...
[2025-12-11 15:37:31] [FACE_STEP] Timeout : aucun visage détecté
[2025-12-11 15:37:31] [FSM] ÉCHEC dans l'étape : FACE, arrêt.
[2025-12-11 15:38:52] [FSM] Start at state: WAIT_CAR
[2025-12-11 15:38:52] ========== 🔁 Nouveau cycle du scénario ==========
[2025-12-11 15:38:52] [FSM] Lancement de l'étape 'WAIT_CAR' via action 'wait_car_step'
[2025-12-11 15:38:55] [FSM] OK : WAIT_CAR → QR
[2025-12-11 15:38:55] [FSM] Lancement de l'étape 'QR' via action 'qr_step'
[2025-12-11 15:38:57] [FSM] OK : QR → FACE
[2025-12-11 15:38:57] [FSM] Lancement de l'étape 'FACE' via action 'face_step'
[2025-12-11 15:38:58] [FACE_STEP] Device: cuda:0
[2025-12-11 15:38:58] [FACE_STEP] Loading embeddings from: /home/jetson/ros2_ws/install/ai_pkg/share/ai_pkg/models/embeddings.npy
[2025-12-11 15:38:58] [FACE_STEP] Loading names from: /home/jetson/ros2_ws/install/ai_pkg/share/ai_pkg/models/names.npy
[2025-12-11 15:38:58] [FACE_STEP] Database loaded: 26 identities
[2025-12-11 15:39:00] [FACE_STEP] Face step server ready, subscribed to /image_raw/compressed
[2025-12-11 15:39:00] [FACE_STEP] Étape démarrée, attente visage RECONNU...
[2025-12-11 15:39:11] [FACE_STEP] Face: UNKNOWN (1.01)
[2025-12-11 15:39:11] [FACE_STEP] Face: Gaspar (0.83)
[2025-12-11 15:39:11] [FACE_STEP] Visage reconnu : Gaspar, on peut sortir de l'état FACE
[2025-12-11 15:39:11] [FACE_STEP] Condition remplie: visage reconnu (Gaspar) → étape OK
[2025-12-11 15:39:11] [FSM] OK : FACE → DIALOG
[2025-12-11 15:39:11] [FSM] Lancement de l'étape 'DIALOG' via action 'dialog_step'
[2025-12-11 15:39:11] [FACE_STEP] Face: Gaspar (0.82)
[2025-12-11 15:39:11] [FACE_STEP] Visage reconnu : Gaspar, on peut sortir de l'état FACE
[2025-12-11 15:39:12] [FACE_STEP] Face: UNKNOWN (0.97)
[2025-12-11 15:39:12] [FACE_STEP] Face: UNKNOWN (1.12)
[2025-12-11 15:39:12] [FACE_STEP] Face: UNKNOWN (1.04)
[2025-12-11 15:39:12] [FACE_STEP] Face: UNKNOWN (1.01)
[2025-12-11 15:39:13] [FSM] OK : DIALOG → WAIT_CAR
[2025-12-11 15:39:13] [FSM] 🎉 Scénario terminé ! On recommence...
[2025-12-11 15:39:13] ========== 🔁 Nouveau cycle du scénario ==========
[2025-12-11 15:39:13] [FSM] Lancement de l'étape 'WAIT_CAR' via action 'wait_car_step'
[2025-12-11 15:39:15] [FSM] OK : WAIT_CAR → QR
[2025-12-11 15:39:15] [FSM] Lancement de l'étape 'QR' via action 'qr_step'
[2025-12-11 15:39:18] [FSM] OK : QR → FACE
[2025-12-11 15:39:18] [FSM] Lancement de l'étape 'FACE' via action 'face_step'
[2025-12-11 15:39:18] [FACE_STEP] Étape démarrée, attente visage RECONNU...
[2025-12-11 15:39:27] [FACE_STEP] Face: UNKNOWN (1.09)
[2025-12-11 15:39:29] [FACE_STEP] Face: UNKNOWN (1.08)
[2025-12-11 15:39:29] [FACE_STEP] Face: UNKNOWN (1.22)
[2025-12-11 15:39:29] [FACE_STEP] Face: UNKNOWN (1.17)
[2025-12-11 15:39:30] [FACE_STEP] Face: UNKNOWN (1.26)
[2025-12-11 15:39:35] [FACE_STEP] Face: UNKNOWN (1.10)
[2025-12-11 15:39:36] [FACE_STEP] Face: UNKNOWN (0.98)
[2025-12-11 15:39:38] [FACE_STEP] Face: Gaspar (0.73)
[2025-12-11 15:39:38] [FACE_STEP] Visage reconnu : Gaspar, on peut sortir de l'état FACE
[2025-12-11 15:39:38] [FACE_STEP] Face: UNKNOWN (1.18)
[2025-12-11 15:39:38] [FACE_STEP] Condition remplie: visage reconnu (Gaspar) → étape OK
[2025-12-11 15:39:38] [FSM] OK : FACE → DIALOG
[2025-12-11 15:39:38] [FSM] Lancement de l'étape 'DIALOG' via action 'dialog_step'
[2025-12-11 15:39:38] [FACE_STEP] Face: UNKNOWN (0.97)
[2025-12-11 15:39:38] [FACE_STEP] Face: UNKNOWN (1.01)
[2025-12-11 15:39:38] [FACE_STEP] Face: UNKNOWN (1.03)
[2025-12-11 15:39:39] [FACE_STEP] Face: UNKNOWN (1.04)
[2025-12-11 15:39:39] [FACE_STEP] Face: UNKNOWN (1.10)
[2025-12-11 15:39:40] [FSM] OK : DIALOG → WAIT_CAR
[2025-12-11 15:39:40] [FSM] 🎉 Scénario terminé ! On recommence...
[2025-12-11 15:39:40] ========== 🔁 Nouveau cycle du scénario ==========
[2025-12-11 15:39:40] [FSM] Lancement de l'étape 'WAIT_CAR' via action 'wait_car_step'
[2025-12-11 15:39:42] [FSM] OK : WAIT_CAR → QR
[2025-12-11 15:39:42] [FSM] Lancement de l'étape 'QR' via action 'qr_step'
[2025-12-11 15:39:44] [FSM] OK : QR → FACE
[2025-12-11 15:39:44] [FSM] Lancement de l'étape 'FACE' via action 'face_step'
[2025-12-11 15:39:44] [FACE_STEP] Étape démarrée, attente visage RECONNU...
[2025-12-11 15:39:47] [FACE_STEP] Face: UNKNOWN (1.15)
[2025-12-11 15:39:47] [FACE_STEP] Face: UNKNOWN (1.17)
[2025-12-11 15:39:48] [FACE_STEP] Face: UNKNOWN (1.08)
[2025-12-11 15:39:49] [FACE_STEP] Face: UNKNOWN (1.10)
[2025-12-11 15:39:50] [FACE_STEP] Face: UNKNOWN (1.14)
[2025-12-11 15:39:50] [FACE_STEP] Face: UNKNOWN (1.07)
[2025-12-11 15:39:52] [FACE_STEP] Face: UNKNOWN (1.09)
[2025-12-11 15:39:58] [FACE_STEP] Face: UNKNOWN (1.19)
[2025-12-11 15:40:04] [FACE_STEP] Face: UNKNOWN (1.13)
[2025-12-11 15:40:04] [FACE_STEP] Face: UNKNOWN (1.06)
[2025-12-11 15:40:05] [FACE_STEP] Face: UNKNOWN (1.07)
[2025-12-11 15:40:05] [FACE_STEP] Face: UNKNOWN (1.04)
[2025-12-11 15:40:05] [FACE_STEP] Face: UNKNOWN (1.07)
[2025-12-11 15:40:08] [FACE_STEP] Face: UNKNOWN (0.95)
[2025-12-11 15:40:08] [FACE_STEP] Face: UNKNOWN (1.12)
[2025-12-11 15:40:08] [FACE_STEP] Face: UNKNOWN (1.04)
[2025-12-11 15:40:09] [FACE_STEP] Face: UNKNOWN (1.06)
[2025-12-11 15:40:09] [FACE_STEP] Face: UNKNOWN (1.08)
[2025-12-11 15:40:11] [FACE_STEP] Face: UNKNOWN (0.99)
[2025-12-11 15:40:12] [FACE_STEP] Face: UNKNOWN (1.21)
[2025-12-11 15:40:13] [FACE_STEP] Face: UNKNOWN (1.15)
[2025-12-11 15:40:14] [FACE_STEP] Timeout : aucun visage RECONNU détecté
[2025-12-11 15:40:14] [FSM] ÉCHEC dans l'étape : FACE, arrêt.
[2025-12-11 15:40:15] [FACE_STEP] Face: UNKNOWN (1.15)
[2025-12-11 15:40:15] [FACE_STEP] Face: UNKNOWN (1.18)
[2025-12-11 15:40:15] [FACE_STEP] Face: UNKNOWN (1.10)
[2025-12-11 15:40:15] [FACE_STEP] Face: UNKNOWN (1.14)
[2025-12-11 15:40:15] [FACE_STEP] Face: UNKNOWN (1.02)
[2025-12-11 15:42:19] [FSM] Start at state: WAIT_CAR
[2025-12-11 15:42:19] ========== 🔁 Nouveau cycle du scénario ==========
[2025-12-11 15:42:19] [FSM] Lancement de l'étape 'WAIT_CAR' via action 'wait_car_step'
[2025-12-11 15:42:21] [FSM] OK : WAIT_CAR → QR
[2025-12-11 15:42:21] [FSM] Lancement de l'étape 'QR' via action 'qr_step'
[2025-12-11 15:42:23] [FSM] OK : QR → FACE
[2025-12-11 15:42:23] [FSM] Lancement de l'étape 'FACE' via action 'face_step'
[2025-12-11 15:42:25] [FACE_STEP] Device: cuda:0
[2025-12-11 15:42:25] [FACE_STEP] Loading embeddings from: /home/jetson/ros2_ws/install/ai_pkg/share/ai_pkg/models/embeddings.npy
[2025-12-11 15:42:25] [FACE_STEP] Loading names from: /home/jetson/ros2_ws/install/ai_pkg/share/ai_pkg/models/names.npy
[2025-12-11 15:42:25] [FACE_STEP] Database loaded: 26 identities
[2025-12-11 15:42:26] [FACE_STEP] Face step server ready, subscribed to /image_raw/compressed
[2025-12-11 15:42:26] [FACE_STEP] Étape démarrée, attente visage RECONNU...
[2025-12-11 15:42:39] [FACE_STEP] Face: UNKNOWN (0.94), old_face None
[2025-12-11 15:42:39] [FACE_STEP] Face: UNKNOWN (0.93), old_face None
[2025-12-11 15:42:41] [FACE_STEP] Face: UNKNOWN (1.16), old_face None
[2025-12-11 15:42:42] [FACE_STEP] Face: UNKNOWN (1.04), old_face None
[2025-12-11 15:42:42] [FACE_STEP] Face: UNKNOWN (1.04), old_face None
[2025-12-11 15:42:42] [FACE_STEP] Face: UNKNOWN (1.13), old_face None
[2025-12-11 15:42:42] [FACE_STEP] Face: UNKNOWN (1.02), old_face None
[2025-12-11 15:42:42] [FACE_STEP] Face: UNKNOWN (1.07), old_face None
[2025-12-11 15:42:44] [FACE_STEP] Face: UNKNOWN (1.12), old_face None
[2025-12-11 15:42:44] [FACE_STEP] Face: UNKNOWN (1.00), old_face None
[2025-12-11 15:42:44] [FACE_STEP] Face: UNKNOWN (0.96), old_face None
[2025-12-11 15:42:44] [FACE_STEP] Face: UNKNOWN (1.02), old_face None
[2025-12-11 15:42:44] [FACE_STEP] Face: UNKNOWN (1.06), old_face None
[2025-12-11 15:42:45] [FACE_STEP] Face: UNKNOWN (1.03), old_face None
[2025-12-11 15:42:46] [FACE_STEP] Face: UNKNOWN (1.07), old_face None
[2025-12-11 15:42:46] [FACE_STEP] Face: UNKNOWN (1.15), old_face None
[2025-12-11 15:42:46] [FACE_STEP] Face: UNKNOWN (1.17), old_face None
[2025-12-11 15:42:46] [FACE_STEP] Face: UNKNOWN (1.09), old_face None
[2025-12-11 15:42:49] [FACE_STEP] Face: UNKNOWN (1.05), old_face None
[2025-12-11 15:42:49] [FACE_STEP] Face: UNKNOWN (1.05), old_face None
[2025-12-11 15:42:49] [FACE_STEP] Face: UNKNOWN (1.11), old_face None
[2025-12-11 15:42:49] [FACE_STEP] Face: UNKNOWN (1.11), old_face None
[2025-12-11 15:42:50] [FACE_STEP] Face: UNKNOWN (1.11), old_face None
[2025-12-11 15:42:53] [FACE_STEP] Face: UNKNOWN (1.14), old_face None
[2025-12-11 15:42:54] [FACE_STEP] Face: UNKNOWN (1.15), old_face None
[2025-12-11 15:42:54] [FACE_STEP] Face: UNKNOWN (1.11), old_face None
[2025-12-11 15:42:54] [FACE_STEP] Face: UNKNOWN (1.15), old_face None
[2025-12-11 15:42:54] [FACE_STEP] Face: UNKNOWN (1.11), old_face None
[2025-12-11 15:42:56] [FACE_STEP] Timeout : aucun visage RECONNU détecté
[2025-12-11 15:42:56] [FSM] ÉCHEC dans l'étape : FACE, arrêt.
[2025-12-11 15:42:56] [FACE_STEP] Face: Giovanna (0.88), old_face None
[2025-12-11 15:42:56] [FACE_STEP] LOG ENTRY envoyé pour Giovanna
[2025-12-11 15:42:56] [FACE_STEP] Visage reconnu : Giovanna, on peut sortir de l'état FACE
[2025-12-11 15:45:51] [FSM] Start at state: WAIT_CAR
[2025-12-11 15:45:51] ========== 🔁 Nouveau cycle du scénario ==========
[2025-12-11 15:45:51] [FSM] Lancement de l'étape 'WAIT_CAR' via action 'wait_car_step'
[2025-12-11 15:45:54] [FSM] OK : WAIT_CAR → QR
[2025-12-11 15:45:54] [FSM] Lancement de l'étape 'QR' via action 'qr_step'
[2025-12-11 15:45:56] [FSM] OK : QR → FACE
[2025-12-11 15:45:56] [FSM] Lancement de l'étape 'FACE' via action 'face_step'
[2025-12-11 15:46:00] [FACE_STEP] Device: cuda:0
[2025-12-11 15:46:00] [FACE_STEP] Loading embeddings from: /home/jetson/ros2_ws/install/ai_pkg/share/ai_pkg/models/embeddings.npy
[2025-12-11 15:46:00] [FACE_STEP] Loading names from: /home/jetson/ros2_ws/install/ai_pkg/share/ai_pkg/models/names.npy
[2025-12-11 15:46:00] [FACE_STEP] Database loaded: 26 identities
[2025-12-11 15:46:01] [FACE_STEP] Face step server ready, subscribed to /image_raw/compressed
[2025-12-11 15:46:01] [FACE_STEP] Étape démarrée, attente visage RECONNU...
[2025-12-11 15:46:07] [FACE_STEP] Face: UNKNOWN (0.95), old_face None
[2025-12-11 15:46:10] [FACE_STEP] Face: UNKNOWN (1.04), old_face None
[2025-12-11 15:46:11] [FACE_STEP] Face: UNKNOWN (1.16), old_face None
[2025-12-11 15:46:12] [FACE_STEP] Face: UNKNOWN (1.01), old_face None
[2025-12-11 15:46:13] [FACE_STEP] Face: UNKNOWN (0.94), old_face None
[2025-12-11 15:46:13] [FACE_STEP] Face: UNKNOWN (1.10), old_face None
[2025-12-11 15:46:13] [FACE_STEP] Face: UNKNOWN (1.05), old_face None
[2025-12-11 15:46:14] [FACE_STEP] Face: UNKNOWN (1.10), old_face None
[2025-12-11 15:46:15] [FACE_STEP] Face: UNKNOWN (1.07), old_face None
[2025-12-11 15:46:16] [FACE_STEP] Face: UNKNOWN (1.12), old_face None
[2025-12-11 15:46:19] [FACE_STEP] Face: UNKNOWN (0.92), old_face None
[2025-12-11 15:46:19] [FACE_STEP] Face: UNKNOWN (1.06), old_face None
[2025-12-11 15:46:21] [FACE_STEP] Face: UNKNOWN (1.03), old_face None
[2025-12-11 15:46:22] [FACE_STEP] Face: UNKNOWN (1.15), old_face None
[2025-12-11 15:46:22] [FACE_STEP] Face: UNKNOWN (1.10), old_face None
[2025-12-11 15:46:22] [FACE_STEP] Face: UNKNOWN (1.17), old_face None
[2025-12-11 15:46:22] [FACE_STEP] Face: UNKNOWN (1.14), old_face None
[2025-12-11 15:46:25] [FACE_STEP] Face: UNKNOWN (1.10), old_face None
[2025-12-11 15:46:25] [FACE_STEP] Face: UNKNOWN (1.15), old_face None
[2025-12-11 15:46:25] [FACE_STEP] Face: UNKNOWN (1.10), old_face None
[2025-12-11 15:46:27] [FACE_STEP] Face: UNKNOWN (1.17), old_face None
[2025-12-11 15:46:31] [FACE_STEP] Face: UNKNOWN (1.22), old_face None
[2025-12-11 15:46:31] [FACE_STEP] Face: UNKNOWN (1.07), old_face None
[2025-12-11 15:46:31] [FACE_STEP] Face: UNKNOWN (1.07), old_face None
[2025-12-11 15:46:31] [FACE_STEP] Face: UNKNOWN (1.07), old_face None
[2025-12-11 15:46:31] [FACE_STEP] Timeout : aucun visage RECONNU détecté
[2025-12-11 15:46:31] [FSM] ÉCHEC dans l'étape : FACE, arrêt.
[2025-12-11 15:46:32] [FACE_STEP] Face: UNKNOWN (1.04), old_face None
[2025-12-11 15:53:59] [FSM] Start at state: WAIT_CAR
[2025-12-11 15:53:59] ========== 🔁 Nouveau cycle du scénario ==========
[2025-12-11 15:53:59] [FSM] Lancement de l'étape 'WAIT_CAR' via action 'wait_car_step'
[2025-12-11 15:54:02] [FSM] OK : WAIT_CAR → QR
[2025-12-11 15:54:02] [FSM] Lancement de l'étape 'QR' via action 'qr_step'
[2025-12-11 15:54:04] [FSM] OK : QR → FACE
[2025-12-11 15:54:04] [FSM] Lancement de l'étape 'FACE' via action 'face_step'
[2025-12-11 15:54:12] [FACE_STEP] Device: cuda:0
[2025-12-11 15:54:12] [FACE_STEP] Loading embeddings from: /home/jetson/ros2_ws/install/ai_pkg/share/ai_pkg/models/embeddings.npy
[2025-12-11 15:54:12] [FACE_STEP] Loading names from: /home/jetson/ros2_ws/install/ai_pkg/share/ai_pkg/models/names.npy
[2025-12-11 15:54:12] [FACE_STEP] Database loaded: 26 identities
[2025-12-11 15:54:15] [FACE_STEP] Face step server ready, subscribed to /image_raw/compressed
[2025-12-11 15:54:15] [FACE_STEP] Étape démarrée, attente visage RECONNU...
[2025-12-11 15:54:34] [FACE_STEP] Face: UNKNOWN (0.99), old_face None
[2025-12-11 15:54:34] [FACE_STEP] Face: UNKNOWN (0.99), old_face None
[2025-12-11 15:54:34] [FACE_STEP] Face: UNKNOWN (1.03), old_face None
[2025-12-11 15:54:36] [FACE_STEP] Face: UNKNOWN (1.10), old_face None
[2025-12-11 15:54:37] [FACE_STEP] Face: UNKNOWN (0.97), old_face None
[2025-12-11 15:54:37] [FACE_STEP] Face: UNKNOWN (0.94), old_face None
[2025-12-11 15:54:38] [FACE_STEP] Face: UNKNOWN (1.08), old_face None
[2025-12-11 15:54:38] [FACE_STEP] Face: UNKNOWN (1.06), old_face None
[2025-12-11 15:54:39] [FACE_STEP] Face: UNKNOWN (1.15), old_face None
[2025-12-11 15:54:39] [FACE_STEP] Face: UNKNOWN (1.14), old_face None
[2025-12-11 15:54:40] [FACE_STEP] Face: UNKNOWN (1.16), old_face None
[2025-12-11 15:54:40] [FACE_STEP] Face: UNKNOWN (1.03), old_face None
[2025-12-11 15:54:40] [FACE_STEP] Face: UNKNOWN (1.15), old_face None
[2025-12-11 15:54:41] [FACE_STEP] Face: UNKNOWN (0.95), old_face None
[2025-12-11 15:54:41] [FACE_STEP] Face: UNKNOWN (1.08), old_face None
[2025-12-11 15:54:41] [FACE_STEP] Face: Gaspar (0.88), old_face None
[2025-12-11 15:54:41] [FACE_STEP] LOG ENTRY envoyé pour Gaspar
[2025-12-11 15:54:41] [FACE_STEP] Visage reconnu : Gaspar, on peut sortir de l'état FACE
[2025-12-11 15:54:41] [FACE_STEP] Face: Gaspar (0.73), old_face Gaspar
[2025-12-11 15:54:41] [FACE_STEP] Condition remplie: visage reconnu (Gaspar) → étape OK
[2025-12-11 15:54:41] [FSM] OK : FACE → DIALOG
[2025-12-11 15:54:41] [FSM] Lancement de l'étape 'DIALOG' via action 'dialog_step'
[2025-12-11 15:54:42] [FACE_STEP] Face: Gaspar (0.68), old_face Gaspar
[2025-12-11 15:54:42] [FACE_STEP] Visage reconnu : Gaspar, on peut sortir de l'état FACE
[2025-12-11 15:54:42] [FACE_STEP] Face: UNKNOWN (1.02), old_face Gaspar
[2025-12-11 15:54:43] [FSM] OK : DIALOG → WAIT_CAR
[2025-12-11 15:54:43] [FSM] 🎉 Scénario terminé ! On recommence...
[2025-12-11 15:54:43] ========== 🔁 Nouveau cycle du scénario ==========
[2025-12-11 15:54:43] [FSM] Lancement de l'étape 'WAIT_CAR' via action 'wait_car_step'
[2025-12-11 15:54:46] [FSM] OK : WAIT_CAR → QR
[2025-12-11 15:54:46] [FSM] Lancement de l'étape 'QR' via action 'qr_step'
[2025-12-11 15:54:48] [FSM] OK : QR → FACE
[2025-12-11 15:54:48] [FSM] Lancement de l'étape 'FACE' via action 'face_step'
[2025-12-11 15:54:48] [FACE_STEP] Étape démarrée, attente visage RECONNU...
[2025-12-11 15:54:53] [FACE_STEP] Face: UNKNOWN (1.10), old_face None
[2025-12-11 15:54:53] [FACE_STEP] Face: UNKNOWN (1.08), old_face None
[2025-12-11 15:54:55] [FACE_STEP] Face: UNKNOWN (1.09), old_face None
[2025-12-11 15:54:56] [FACE_STEP] Face: UNKNOWN (0.92), old_face None
[2025-12-11 15:54:59] [FACE_STEP] Face: UNKNOWN (1.08), old_face None
[2025-12-11 15:54:59] [FACE_STEP] Face: UNKNOWN (1.06), old_face None
[2025-12-11 15:55:02] [FACE_STEP] Face: UNKNOWN (1.11), old_face None
[2025-12-11 15:55:02] [FACE_STEP] Face: UNKNOWN (1.03), old_face None
[2025-12-11 15:55:03] [FACE_STEP] Face: UNKNOWN (1.04), old_face None
[2025-12-11 15:55:05] [FACE_STEP] Face: UNKNOWN (0.94), old_face None
[2025-12-11 15:55:06] [FACE_STEP] Face: Giovanna (0.83), old_face None
[2025-12-11 15:55:06] [FACE_STEP] LOG ENTRY envoyé pour Giovanna
[2025-12-11 15:55:06] [FACE_STEP] Visage reconnu : Giovanna, on peut sortir de l'état FACE
[2025-12-11 15:55:06] [FACE_STEP] Condition remplie: visage reconnu (Giovanna) → étape OK
[2025-12-11 15:55:06] [FSM] OK : FACE → DIALOG
[2025-12-11 15:55:06] [FSM] Lancement de l'étape 'DIALOG' via action 'dialog_step'
[2025-12-11 15:55:06] [FACE_STEP] Face: UNKNOWN (0.95), old_face Giovanna
[2025-12-11 15:55:08] [FSM] OK : DIALOG → WAIT_CAR
[2025-12-11 15:55:08] [FSM] 🎉 Scénario terminé ! On recommence...
[2025-12-11 15:55:08] ========== 🔁 Nouveau cycle du scénario ==========
[2025-12-11 15:55:08] [FSM] Lancement de l'étape 'WAIT_CAR' via action 'wait_car_step'
[2025-12-11 15:55:10] [FSM] OK : WAIT_CAR → QR
[2025-12-11 15:55:10] [FSM] Lancement de l'étape 'QR' via action 'qr_step'
[2025-12-11 15:55:12] [FSM] OK : QR → FACE
[2025-12-11 15:55:12] [FSM] Lancement de l'étape 'FACE' via action 'face_step'
[2025-12-11 15:55:12] [FACE_STEP] Étape démarrée, attente visage RECONNU...
[2025-12-11 15:55:16] [FACE_STEP] Face: UNKNOWN (0.97), old_face None
[2025-12-11 15:55:21] [FACE_STEP] Face: UNKNOWN (1.22), old_face None
[2025-12-11 15:55:27] [FACE_STEP] Face: UNKNOWN (1.08), old_face None
[2025-12-11 15:55:28] [FACE_STEP] Face: UNKNOWN (1.12), old_face None
[2025-12-11 15:55:29] [FACE_STEP] Face: UNKNOWN (1.11), old_face None
[2025-12-11 15:55:29] [FACE_STEP] Face: UNKNOWN (1.11), old_face None
[2025-12-11 15:55:29] [FACE_STEP] Face: UNKNOWN (1.15), old_face None
[2025-12-11 15:55:29] [FACE_STEP] Face: UNKNOWN (1.02), old_face None
[2025-12-11 15:55:30] [FACE_STEP] Face: UNKNOWN (1.18), old_face None
[2025-12-11 15:55:31] [FACE_STEP] Face: UNKNOWN (1.07), old_face None
[2025-12-11 15:55:31] [FACE_STEP] Face: UNKNOWN (1.16), old_face None
[2025-12-11 15:55:31] [FACE_STEP] Face: UNKNOWN (0.99), old_face None
[2025-12-11 15:55:31] [FACE_STEP] Face: UNKNOWN (1.10), old_face None
[2025-12-11 15:55:32] [FACE_STEP] Face: UNKNOWN (1.08), old_face None
[2025-12-11 15:55:32] [FACE_STEP] Face: UNKNOWN (1.21), old_face None
[2025-12-11 15:55:33] [FACE_STEP] Face: UNKNOWN (1.27), old_face None
[2025-12-11 15:55:39] [FACE_STEP] Face: UNKNOWN (1.22), old_face None
[2025-12-11 15:55:40] [FACE_STEP] Face: UNKNOWN (1.18), old_face None
[2025-12-11 15:55:40] [FACE_STEP] Face: UNKNOWN (1.21), old_face None
[2025-12-11 15:55:40] [FACE_STEP] Face: UNKNOWN (1.28), old_face None
[2025-12-11 15:55:41] [FACE_STEP] Face: UNKNOWN (1.21), old_face None
[2025-12-11 15:55:41] [FACE_STEP] Face: UNKNOWN (1.21), old_face None
[2025-12-11 15:55:42] [FACE_STEP] Face: UNKNOWN (1.25), old_face None
[2025-12-11 15:55:42] [FACE_STEP] Face: UNKNOWN (1.27), old_face None
[2025-12-11 15:55:42] [FACE_STEP] Timeout : aucun visage RECONNU détecté
[2025-12-11 15:55:42] [FSM] ÉCHEC dans l'étape : FACE, arrêt.
[2025-12-11 15:55:42] [FACE_STEP] Face: UNKNOWN (1.16), old_face None
[2025-12-11 15:55:42] [FACE_STEP] Face: UNKNOWN (1.17), old_face None
[2025-12-11 15:55:43] [FACE_STEP] Face: UNKNOWN (1.04), old_face None
[2025-12-11 15:55:43] [FACE_STEP] Face: UNKNOWN (1.28), old_face None
[2025-12-11 15:55:43] [FACE_STEP] Face: UNKNOWN (1.30), old_face None
[2025-11-18 22:56:57] [FSM] Start at state: WAIT_CAR
[2025-11-18 22:56:57] ========== 🔁 Nouveau cycle du scénario ==========
[2025-11-18 22:56:57] [FSM] Lancement de l'étape 'WAIT_CAR' via action 'wait_car_step'
[2025-11-18 22:56:59] [FSM] OK : WAIT_CAR → QR
[2025-11-18 22:56:59] [FSM] Lancement de l'étape 'QR' via action 'qr_step'
[2025-11-18 22:57:01] [FSM] OK : QR → FACE
[2025-11-18 22:57:01] [FSM] Lancement de l'étape 'FACE' via action 'face_step'
[2025-11-18 22:57:09] [FACE_STEP] Device: cuda:0
[2025-11-18 22:57:09] [FACE_STEP] Database loaded: 26 identities
[2025-11-18 22:57:11] [FACE_STEP] Ready, waiting for face_step action calls.
[2025-11-18 22:57:11] [FACE_STEP] Action FACE démarrée.
[2025-11-18 22:57:11] [FSM] ÉCHEC dans l'étape : FACE, arrêt.
[2025-11-18 22:57:34] [FSM] Start at state: WAIT_CAR
[2025-11-18 22:57:34] ========== 🔁 Nouveau cycle du scénario ==========
[2025-11-18 22:57:34] [FSM] Lancement de l'étape 'WAIT_CAR' via action 'wait_car_step'
[2025-11-18 22:57:37] [FSM] OK : WAIT_CAR → QR
[2025-11-18 22:57:37] [FSM] Lancement de l'étape 'QR' via action 'qr_step'
[2025-11-18 22:57:38] [FACE_STEP] Device: cuda:0
[2025-11-18 22:57:38] [FACE_STEP] Database loaded: 26 identities
[2025-11-18 22:57:39] [FSM] OK : QR → FACE
[2025-11-18 22:57:39] [FSM] Lancement de l'étape 'FACE' via action 'face_step'
[2025-11-18 22:57:39] [FACE_STEP] Ready, waiting for face_step action calls.
[2025-11-18 22:57:39] [FACE_STEP] Action FACE démarrée.
[2025-11-18 22:57:39] [FSM] ÉCHEC dans l'étape : FACE, arrêt.
[2025-11-18 22:57:41] [FACE_STEP] Visage reconnu: Gaspar → action terminée
[2025-11-18 23:00:21] [FSM] Start at state: WAIT_CAR
[2025-11-18 23:00:21] ========== 🔁 Nouveau cycle du scénario ==========
[2025-11-18 23:00:21] [FSM] Lancement de l'étape 'WAIT_CAR' via action 'wait_car_step'
[2025-11-18 23:00:24] [FSM] OK : WAIT_CAR → QR
[2025-11-18 23:00:24] [FSM] Lancement de l'étape 'QR' via action 'qr_step'
[2025-11-18 23:00:26] [FSM] OK : QR → FACE
[2025-11-18 23:00:26] [FSM] Lancement de l'étape 'FACE' via action 'face_step'
[2025-11-18 23:00:28] [FSM] ÉCHEC dans l'étape : FACE, arrêt.
[2025-11-18 23:07:08] [FSM] Start at state: WAIT_CAR
[2025-11-18 23:07:08] ========== 🔁 Nouveau cycle du scénario ==========
[2025-11-18 23:07:08] [FSM] Lancement de l'étape 'WAIT_CAR' via action 'wait_car_step'
[2025-11-18 23:07:10] [FSM] OK : WAIT_CAR → QR
[2025-11-18 23:07:10] [FSM] Lancement de l'étape 'QR' via action 'qr_step'
[2025-11-18 23:07:12] [FSM] OK : QR → FACE
[2025-11-18 23:07:12] [FSM] Lancement de l'étape 'FACE' via action 'face_step'
[2025-11-18 23:07:44] [FSM] ÉCHEC dans l'étape : FACE, arrêt.
[2025-11-18 23:09:02] [FSM] Start at state: WAIT_CAR
[2025-11-18 23:09:02] ========== 🔁 Nouveau cycle du scénario ==========
[2025-11-18 23:09:02] [FSM] Lancement de l'étape 'WAIT_CAR' via action 'wait_car_step'
[2025-11-18 23:09:05] [FSM] OK : WAIT_CAR → QR
[2025-11-18 23:09:05] [FSM] Lancement de l'étape 'QR' via action 'qr_step'
[2025-11-18 23:09:07] [FSM] OK : QR → FACE
[2025-11-18 23:09:07] [FSM] Lancement de l'étape 'FACE' via action 'face_step'
[2025-11-18 23:09:47] [FSM] OK : FACE → DIALOG
[2025-11-18 23:09:47] [FSM] Lancement de l'étape 'DIALOG' via action 'dialog_step'
[2025-11-18 23:09:49] [FSM] OK : DIALOG → WAIT_CAR
[2025-11-18 23:09:49] [FSM] 🎉 Scénario terminé ! On recommence...
[2025-11-18 23:09:49] ========== 🔁 Nouveau cycle du scénario ==========
[2025-11-18 23:09:49] [FSM] Lancement de l'étape 'WAIT_CAR' via action 'wait_car_step'
[2025-11-18 23:09:51] [FSM] OK : WAIT_CAR → QR
[2025-11-18 23:09:51] [FSM] Lancement de l'étape 'QR' via action 'qr_step'
[2025-11-18 23:09:53] [FSM] OK : QR → FACE
[2025-11-18 23:09:53] [FSM] Lancement de l'étape 'FACE' via action 'face_step'
[2025-11-18 23:11:07] [FSM] Start at state: WAIT_CAR
[2025-11-18 23:11:07] ========== 🔁 Nouveau cycle du scénario ==========
[2025-11-18 23:11:07] [FSM] Lancement de l'étape 'WAIT_CAR' via action 'wait_car_step'
[2025-11-18 23:11:09] [FSM] OK : WAIT_CAR → QR
[2025-11-18 23:11:09] [FSM] Lancement de l'étape 'QR' via action 'qr_step'
[2025-11-18 23:11:11] [FSM] OK : QR → FACE
[2025-11-18 23:11:11] [FSM] Lancement de l'étape 'FACE' via action 'face_step'
[2025-11-18 23:11:12] [FACE_STEP] Device: cuda:0
[2025-11-18 23:11:12] [FACE_STEP] Loading embeddings from: /home/jetson/ros2_ws/install/ai_pkg/share/ai_pkg/models/embeddings.npy
[2025-11-18 23:11:12] [FACE_STEP] Loading names from: /home/jetson/ros2_ws/install/ai_pkg/share/ai_pkg/models/names.npy
[2025-11-18 23:11:12] [FACE_STEP] Database loaded: 26 identities
[2025-11-18 23:11:13] [FACE_STEP] FaceStepServer started! Subscribed to /image_raw/compressed
[2025-11-18 23:11:15] [FACE_STEP] Étape démarrée, attente visage RECONNU...
[2025-11-18 23:11:19] [FACE_STEP] Face: UNKNOWN (1.14), old_face None
[2025-11-18 23:11:19] [FACE_STEP] Face: UNKNOWN (1.10), old_face None
[2025-11-18 23:11:19] [FACE_STEP] Face: UNKNOWN (1.01), old_face None
[2025-11-18 23:11:19] [FACE_STEP] Face: UNKNOWN (1.14), old_face None
[2025-11-18 23:11:20] [FACE_STEP] Face: UNKNOWN (1.19), old_face None
[2025-11-18 23:11:22] [FACE_STEP] Face: UNKNOWN (1.27), old_face None
[2025-11-18 23:11:22] [FACE_STEP] Face: UNKNOWN (1.22), old_face None
[2025-11-18 23:11:22] [FACE_STEP] Face: UNKNOWN (1.22), old_face None
[2025-11-18 23:11:23] [FACE_STEP] Face: UNKNOWN (1.08), old_face None
[2025-11-18 23:11:23] [FACE_STEP] Face: UNKNOWN (1.02), old_face None
[2025-11-18 23:11:24] [FACE_STEP] Face: UNKNOWN (1.17), old_face None
[2025-11-18 23:11:24] [FACE_STEP] Face: UNKNOWN (1.14), old_face None
[2025-11-18 23:11:24] [FACE_STEP] Face: UNKNOWN (1.21), old_face None
[2025-11-18 23:11:24] [FACE_STEP] Face: UNKNOWN (1.25), old_face None
[2025-11-18 23:11:24] [FACE_STEP] Face: UNKNOWN (1.22), old_face None
[2025-11-18 23:11:25] [FACE_STEP] Face: UNKNOWN (1.21), old_face None
[2025-11-18 23:11:25] [FACE_STEP] Face: UNKNOWN (1.22), old_face None
[2025-11-18 23:11:25] [FACE_STEP] Face: UNKNOWN (1.28), old_face None
[2025-11-18 23:11:27] [FACE_STEP] Face: UNKNOWN (1.21), old_face None
[2025-11-18 23:11:27] [FACE_STEP] Face: UNKNOWN (1.16), old_face None
[2025-11-18 23:11:27] [FACE_STEP] Face: UNKNOWN (1.19), old_face None
[2025-11-18 23:11:27] [FACE_STEP] Face: UNKNOWN (1.16), old_face None
[2025-11-18 23:11:28] [FACE_STEP] Face: UNKNOWN (1.14), old_face None
[2025-11-18 23:11:29] [FACE_STEP] Face: UNKNOWN (1.12), old_face None
[2025-11-18 23:11:29] [FACE_STEP] Face: UNKNOWN (1.26), old_face None
[2025-11-18 23:11:29] [FACE_STEP] Face: UNKNOWN (1.14), old_face None
[2025-11-18 23:11:29] [FACE_STEP] Face: UNKNOWN (1.13), old_face None
[2025-11-18 23:11:29] [FACE_STEP] Face: UNKNOWN (1.15), old_face None
[2025-11-18 23:11:31] [FACE_STEP] Face: UNKNOWN (1.12), old_face None
[2025-11-18 23:11:31] [FACE_STEP] Face: UNKNOWN (1.14), old_face None
[2025-11-18 23:11:31] [FACE_STEP] Face: UNKNOWN (0.92), old_face None
[2025-11-18 23:11:31] [FACE_STEP] Face: UNKNOWN (0.92), old_face None
[2025-11-18 23:11:31] [FACE_STEP] Face: UNKNOWN (0.91), old_face None
[2025-11-18 23:11:33] [FACE_STEP] Face: UNKNOWN (1.10), old_face None
[2025-11-18 23:11:33] [FACE_STEP] Face: UNKNOWN (1.08), old_face None
[2025-11-18 23:11:33] [FACE_STEP] Face: UNKNOWN (1.09), old_face None
[2025-11-18 23:11:33] [FACE_STEP] Face: UNKNOWN (1.18), old_face None
[2025-11-18 23:11:34] [FACE_STEP] Face: UNKNOWN (1.23), old_face None
[2025-11-18 23:11:35] [FACE_STEP] Face: UNKNOWN (1.18), old_face None
[2025-11-18 23:11:35] [FACE_STEP] Face: UNKNOWN (1.17), old_face None
[2025-11-18 23:11:35] [FACE_STEP] Face: UNKNOWN (1.24), old_face None
[2025-11-18 23:11:35] [FACE_STEP] Face: UNKNOWN (1.24), old_face None
[2025-11-18 23:11:36] [FACE_STEP] Face: UNKNOWN (1.14), old_face None
[2025-11-18 23:11:39] [FACE_STEP] Face: UNKNOWN (1.05), old_face None
[2025-11-18 23:11:39] [FACE_STEP] Face: UNKNOWN (1.02), old_face None
[2025-11-18 23:11:40] [FACE_STEP] Face: UNKNOWN (1.03), old_face None
[2025-11-18 23:11:40] [FACE_STEP] Face: Gaspar (0.79), old_face None
[2025-11-18 23:11:40] [FACE_STEP] LOG ENTRY envoyé pour Gaspar
[2025-11-18 23:11:40] [FACE_STEP] Visage CONNU détecté pendant l'action: Gaspar
[2025-11-18 23:11:40] [FACE_STEP] Visage reconnu (Gaspar), étape OK
[2025-11-18 23:11:40] [FACE_STEP] Fin de l'exécution de l'action, reset des états internes
[2025-11-18 23:11:40] [FACE_STEP] Face: Gaspar (0.78), old_face Gaspar
[2025-11-18 23:11:40] [FSM] OK : FACE → DIALOG
[2025-11-18 23:11:40] [FSM] Lancement de l'étape 'DIALOG' via action 'dialog_step'
[2025-11-18 23:11:42] [FACE_STEP] Face: UNKNOWN (1.15), old_face Gaspar
[2025-11-18 23:11:42] [FSM] OK : DIALOG → WAIT_CAR
[2025-11-18 23:11:42] [FSM] 🎉 Scénario terminé ! On recommence...
[2025-11-18 23:11:42] ========== 🔁 Nouveau cycle du scénario ==========
[2025-11-18 23:11:42] [FSM] Lancement de l'étape 'WAIT_CAR' via action 'wait_car_step'
[2025-11-18 23:11:42] [FACE_STEP] Face: UNKNOWN (1.11), old_face Gaspar
[2025-11-18 23:11:42] [FACE_STEP] Face: UNKNOWN (1.10), old_face Gaspar
[2025-11-18 23:11:42] [FACE_STEP] Face: UNKNOWN (1.12), old_face Gaspar
[2025-11-18 23:11:44] [FSM] OK : WAIT_CAR → QR
[2025-11-18 23:11:44] [FSM] Lancement de l'étape 'QR' via action 'qr_step'
[2025-11-18 23:11:45] [FACE_STEP] Face: UNKNOWN (1.12), old_face Gaspar
[2025-11-18 23:11:46] [FACE_STEP] Face: UNKNOWN (1.04), old_face Gaspar
[2025-11-18 23:11:46] [FACE_STEP] Face: UNKNOWN (1.04), old_face Gaspar
[2025-11-18 23:11:46] [FACE_STEP] Face: UNKNOWN (1.03), old_face Gaspar
[2025-11-18 23:11:46] [FACE_STEP] Face: UNKNOWN (1.07), old_face Gaspar
[2025-11-18 23:11:46] [FSM] OK : QR → FACE
[2025-11-18 23:11:46] [FSM] Lancement de l'étape 'FACE' via action 'face_step'
[2025-11-18 23:11:47] [FACE_STEP] Face: UNKNOWN (1.07), old_face Gaspar
[2025-11-18 23:11:47] [FACE_STEP] Face: UNKNOWN (1.03), old_face Gaspar
[2025-11-18 23:11:47] [FACE_STEP] Étape démarrée, attente visage RECONNU...
[2025-11-18 23:11:48] [FACE_STEP] Face: UNKNOWN (1.03), old_face Gaspar
[2025-11-18 23:11:48] [FACE_STEP] Face: UNKNOWN (1.06), old_face Gaspar
[2025-11-18 23:11:48] [FACE_STEP] Face: UNKNOWN (1.00), old_face Gaspar
[2025-11-18 23:11:48] [FACE_STEP] Face: UNKNOWN (1.09), old_face Gaspar
[2025-11-18 23:11:49] [FACE_STEP] Face: UNKNOWN (1.05), old_face Gaspar
[2025-11-18 23:11:51] [FACE_STEP] Face: UNKNOWN (1.05), old_face Gaspar
[2025-11-18 23:11:53] [FACE_STEP] Face: UNKNOWN (1.22), old_face Gaspar
[2025-11-18 23:11:53] [FACE_STEP] Face: UNKNOWN (1.22), old_face Gaspar
[2025-11-18 23:11:53] [FACE_STEP] Face: UNKNOWN (1.26), old_face Gaspar
[2025-11-18 23:11:53] [FACE_STEP] Face: UNKNOWN (1.20), old_face Gaspar
[2025-11-18 23:11:54] [FACE_STEP] Fin de l'exécution de l'action, reset des états internes
[2025-11-18 23:12:56] [FSM] Start at state: WAIT_CAR
[2025-11-18 23:12:56] ========== 🔁 Nouveau cycle du scénario ==========
[2025-11-18 23:12:56] [FSM] Lancement de l'étape 'WAIT_CAR' via action 'wait_car_step'
[2025-11-18 23:13:01] [FACE_STEP] Device: cuda:0
[2025-11-18 23:13:01] [FACE_STEP] Loading embeddings from: /home/jetson/ros2_ws/install/ai_pkg/share/ai_pkg/models/embeddings.npy
[2025-11-18 23:13:01] [FACE_STEP] Loading names from: /home/jetson/ros2_ws/install/ai_pkg/share/ai_pkg/models/names.npy
[2025-11-18 23:13:01] [FACE_STEP] Database loaded: 26 identities
[2025-11-18 23:13:02] [FACE_STEP] FaceStepServer started! Subscribed to /image_raw/compressed
[2025-11-18 23:13:07] [FACE_STEP] Face: UNKNOWN (1.02), old_face None
[2025-11-18 23:13:07] [FACE_STEP] Face: UNKNOWN (0.98), old_face None
[2025-11-18 23:13:07] [FSM] OK : WAIT_CAR → QR
[2025-11-18 23:13:07] [FSM] Lancement de l'étape 'QR' via action 'qr_step'
[2025-11-18 23:13:09] [FACE_STEP] Face: UNKNOWN (1.00), old_face None
[2025-11-18 23:13:09] [FSM] OK : QR → FACE
[2025-11-18 23:13:09] [FSM] Lancement de l'étape 'FACE' via action 'face_step'
[2025-11-18 23:13:10] [FACE_STEP] Face: UNKNOWN (0.96), old_face None
[2025-11-18 23:13:10] [FACE_STEP] Étape démarrée, attente visage RECONNU...
[2025-11-18 23:13:12] [FACE_STEP] Face: UNKNOWN (1.04), old_face None
[2025-11-18 23:13:15] [FACE_STEP] Face: UNKNOWN (1.01), old_face None
[2025-11-18 23:13:16] [FACE_STEP] Face: UNKNOWN (1.02), old_face None
[2025-11-18 23:13:16] [FACE_STEP] Face: UNKNOWN (1.05), old_face None
[2025-11-18 23:13:17] [FACE_STEP] Face: UNKNOWN (1.15), old_face None
[2025-11-18 23:13:17] [FACE_STEP] Face: UNKNOWN (1.04), old_face None
[2025-11-18 23:13:18] [FACE_STEP] Face: UNKNOWN (1.03), old_face None
[2025-11-18 23:13:18] [FACE_STEP] Face: UNKNOWN (1.17), old_face None
[2025-11-18 23:13:19] [FACE_STEP] Face: Giovanna (0.90), old_face None
[2025-11-18 23:13:19] [FACE_STEP] LOG ENTRY envoyé pour Giovanna
[2025-11-18 23:13:19] [FACE_STEP] Visage CONNU détecté pendant l'action: Giovanna
[2025-11-18 23:13:19] [FACE_STEP] Visage reconnu (Giovanna), étape OK
[2025-11-18 23:13:19] [FACE_STEP] Fin de l'exécution de l'action, reset des états internes
[2025-11-18 23:13:19] [FACE_STEP] Face: Giovanna (0.85), old_face Giovanna
[2025-11-18 23:13:19] [FSM] OK : FACE → DIALOG
[2025-11-18 23:13:19] [FSM] Lancement de l'étape 'DIALOG' via action 'dialog_step'
[2025-11-18 23:13:19] [FACE_STEP] Face: UNKNOWN (1.14), old_face Giovanna
[2025-11-18 23:13:20] [FACE_STEP] Face: UNKNOWN (1.06), old_face Giovanna
[2025-11-18 23:13:20] [FACE_STEP] Face: UNKNOWN (1.00), old_face Giovanna
[2025-11-18 23:13:21] [FACE_STEP] Face: UNKNOWN (0.98), old_face Giovanna
[2025-11-18 23:13:21] [FACE_STEP] Face: UNKNOWN (1.15), old_face Giovanna
[2025-11-18 23:13:21] [FACE_STEP] Face: UNKNOWN (1.20), old_face Giovanna
[2025-11-18 23:13:21] [FSM] OK : DIALOG → WAIT_CAR
[2025-11-18 23:13:21] [FSM] 🎉 Scénario terminé ! On recommence...
[2025-11-18 23:13:21] ========== 🔁 Nouveau cycle du scénario ==========
[2025-11-18 23:13:21] [FSM] Lancement de l'étape 'WAIT_CAR' via action 'wait_car_step'
[2025-11-18 23:13:22] [FACE_STEP] Face: UNKNOWN (1.04), old_face Giovanna
[2025-11-18 23:13:22] [FACE_STEP] Face: UNKNOWN (1.06), old_face Giovanna
[2025-11-18 23:13:22] [FACE_STEP] Face: UNKNOWN (1.02), old_face Giovanna
[2025-11-18 23:13:23] [FACE_STEP] Face: UNKNOWN (1.18), old_face Giovanna
[2025-11-18 23:13:23] [FACE_STEP] Face: UNKNOWN (1.13), old_face Giovanna
[2025-11-18 23:13:23] [FACE_STEP] Face: UNKNOWN (1.18), old_face Giovanna
[2025-11-18 23:13:23] [FACE_STEP] Face: UNKNOWN (1.07), old_face Giovanna
[2025-11-18 23:13:24] [FACE_STEP] Face: UNKNOWN (1.14), old_face Giovanna
[2025-11-18 23:13:24] [FACE_STEP] Face: UNKNOWN (1.16), old_face Giovanna
[2025-11-18 23:13:24] [FACE_STEP] Face: UNKNOWN (1.05), old_face Giovanna
[2025-11-18 23:13:24] [FACE_STEP] Face: UNKNOWN (1.13), old_face Giovanna
[2025-11-18 23:13:25] [FACE_STEP] Face: UNKNOWN (1.13), old_face Giovanna
[2025-11-18 23:13:25] [FACE_STEP] Face: UNKNOWN (1.13), old_face Giovanna
[2025-11-18 23:13:25] [FACE_STEP] Face: UNKNOWN (1.11), old_face Giovanna
[2025-11-18 23:13:26] [FACE_STEP] Face: UNKNOWN (1.10), old_face Giovanna
[2025-11-18 23:13:27] [FACE_STEP] Face: UNKNOWN (1.18), old_face Giovanna
[2025-11-18 23:13:27] [FACE_STEP] Face: UNKNOWN (1.14), old_face Giovanna
[2025-11-18 23:13:27] [FACE_STEP] Face: UNKNOWN (1.15), old_face Giovanna
[2025-11-18 23:13:28] [FACE_STEP] Face: UNKNOWN (1.12), old_face Giovanna
[2025-11-18 23:13:28] [FACE_STEP] Face: UNKNOWN (1.15), old_face Giovanna
[2025-11-18 23:13:29] [FACE_STEP] Face: UNKNOWN (1.10), old_face Giovanna
[2025-11-18 23:13:29] [FACE_STEP] Face: UNKNOWN (1.11), old_face Giovanna
[2025-11-18 23:13:31] [FSM] OK : WAIT_CAR → QR
[2025-11-18 23:13:31] [FSM] Lancement de l'étape 'QR' via action 'qr_step'
[2025-11-18 23:13:31] [FACE_STEP] Face: UNKNOWN (1.14), old_face Giovanna
[2025-11-18 23:13:31] [FACE_STEP] Face: UNKNOWN (1.16), old_face Giovanna
[2025-11-18 23:13:32] [FACE_STEP] Face: UNKNOWN (1.15), old_face Giovanna
[2025-11-18 23:13:32] [FACE_STEP] Face: UNKNOWN (1.12), old_face Giovanna
[2025-11-18 23:13:32] [FACE_STEP] Face: UNKNOWN (1.12), old_face Giovanna
[2025-11-18 23:13:32] [FACE_STEP] Face: UNKNOWN (1.10), old_face Giovanna
[2025-11-18 23:13:33] [FACE_STEP] Face: UNKNOWN (1.15), old_face Giovanna
[2025-11-18 23:13:33] [FSM] OK : QR → FACE
[2025-11-18 23:13:33] [FSM] Lancement de l'étape 'FACE' via action 'face_step'
[2025-11-18 23:13:33] [FACE_STEP] Face: UNKNOWN (1.11), old_face Giovanna
[2025-11-18 23:13:33] [FACE_STEP] Face: UNKNOWN (1.10), old_face Giovanna
[2025-11-18 23:13:34] [FACE_STEP] Face: UNKNOWN (1.05), old_face Giovanna
[2025-11-18 23:13:34] [FACE_STEP] Étape démarrée, attente visage RECONNU...
[2025-11-18 23:13:34] [FACE_STEP] Face: UNKNOWN (1.10), old_face Giovanna
[2025-11-18 23:13:34] [FACE_STEP] Face: UNKNOWN (1.04), old_face Giovanna
[2025-11-18 23:13:36] [FACE_STEP] Face: UNKNOWN (1.03), old_face Giovanna
[2025-11-18 23:13:36] [FACE_STEP] Face: Gaspar (0.78), old_face Giovanna
[2025-11-18 23:13:36] [FACE_STEP] Face: Gaspar (0.83), old_face Giovanna
[2025-11-18 23:13:36] [FACE_STEP] LOG ENTRY envoyé pour Gaspar
[2025-11-18 23:13:36] [FACE_STEP] Visage CONNU détecté pendant l'action: Gaspar
[2025-11-18 23:13:36] [FACE_STEP] Visage CONNU détecté pendant l'action: Gaspar
[2025-11-18 23:13:36] [FACE_STEP] Face: Gaspar (0.74), old_face Gaspar
[2025-11-18 23:13:36] [FACE_STEP] Visage CONNU détecté pendant l'action: Gaspar
[2025-11-18 23:13:36] [FACE_STEP] Visage reconnu (Gaspar), étape OK
[2025-11-18 23:13:36] [FACE_STEP] Fin de l'exécution de l'action, reset des états internes
[2025-11-18 23:13:36] [FACE_STEP] Face: Gaspar (0.82), old_face Gaspar
[2025-11-18 23:13:36] [FSM] OK : FACE → DIALOG
[2025-11-18 23:13:36] [FSM] Lancement de l'étape 'DIALOG' via action 'dialog_step'
[2025-11-18 23:13:38] [FSM] OK : DIALOG → WAIT_CAR
[2025-11-18 23:13:38] [FSM] 🎉 Scénario terminé ! On recommence...
[2025-11-18 23:13:38] ========== 🔁 Nouveau cycle du scénario ==========
[2025-11-18 23:13:38] [FSM] Lancement de l'étape 'WAIT_CAR' via action 'wait_car_step'
[2025-11-18 23:13:39] [FACE_STEP] Face: Gaspar (0.88), old_face Gaspar
[2025-11-18 23:13:42] [FACE_STEP] Face: UNKNOWN (1.03), old_face Gaspar
[2025-11-18 23:13:43] [FACE_STEP] Face: UNKNOWN (1.16), old_face Gaspar
[2025-11-18 23:13:44] [FACE_STEP] Face: UNKNOWN (1.20), old_face Gaspar
[2025-11-18 23:13:44] [FACE_STEP] Face: UNKNOWN (1.16), old_face Gaspar
[2025-11-18 23:13:44] [FACE_STEP] Face: UNKNOWN (1.14), old_face Gaspar
[2025-11-18 23:13:45] [FACE_STEP] Face: UNKNOWN (1.14), old_face Gaspar
[2025-11-18 23:13:45] [FACE_STEP] Face: UNKNOWN (1.20), old_face Gaspar
[2025-11-18 23:13:48] [FSM] OK : WAIT_CAR → QR
[2025-11-18 23:13:48] [FSM] Lancement de l'étape 'QR' via action 'qr_step'
[2025-11-18 23:13:48] [FACE_STEP] Face: UNKNOWN (0.96), old_face Gaspar
[2025-11-18 23:13:48] [FACE_STEP] Face: UNKNOWN (1.01), old_face Gaspar
[2025-11-18 23:13:48] [FACE_STEP] Face: UNKNOWN (1.09), old_face Gaspar
[2025-11-18 23:13:50] [FSM] OK : QR → FACE
[2025-11-18 23:13:50] [FSM] Lancement de l'étape 'FACE' via action 'face_step'
[2025-11-18 23:13:53] [FACE_STEP] Étape démarrée, attente visage RECONNU...
[2025-11-18 23:13:56] [FACE_STEP] Face: UNKNOWN (1.20), old_face Gaspar
[2025-11-18 23:13:56] [FACE_STEP] Face: UNKNOWN (1.23), old_face Gaspar
[2025-11-18 23:13:56] [FACE_STEP] Face: UNKNOWN (1.00), old_face Gaspar
[2025-11-18 23:13:58] [FACE_STEP] Face: UNKNOWN (1.08), old_face Gaspar
[2025-11-18 23:13:58] [FACE_STEP] Face: UNKNOWN (1.00), old_face Gaspar
[2025-11-18 23:14:02] [FACE_STEP] Face: UNKNOWN (1.19), old_face Gaspar
[2025-11-18 23:14:03] [FACE_STEP] Face: UNKNOWN (1.16), old_face Gaspar
[2025-11-18 23:14:03] [FACE_STEP] Face: UNKNOWN (1.12), old_face Gaspar
[2025-11-18 23:14:06] [FACE_STEP] Face: UNKNOWN (1.05), old_face Gaspar
[2025-11-18 23:14:07] [FACE_STEP] Face: UNKNOWN (0.92), old_face Gaspar
[2025-11-18 23:14:07] [FACE_STEP] Face: UNKNOWN (1.01), old_face Gaspar
[2025-11-18 23:14:07] [FACE_STEP] Face: UNKNOWN (0.98), old_face Gaspar
[2025-11-18 23:14:07] [FACE_STEP] Face: UNKNOWN (1.00), old_face Gaspar
[2025-11-18 23:14:12] [FACE_STEP] Face: Gaspar (0.80), old_face Gaspar
[2025-11-18 23:14:12] [FACE_STEP] Visage CONNU détecté pendant l'action: Gaspar
[2025-11-18 23:14:12] [FACE_STEP] Visage reconnu (Gaspar), étape OK
[2025-11-18 23:14:12] [FACE_STEP] Fin de l'exécution de l'action, reset des états internes
[2025-11-18 23:14:12] [FACE_STEP] Face: UNKNOWN (1.07), old_face Gaspar
[2025-11-18 23:14:12] [FSM] OK : FACE → DIALOG
[2025-11-18 23:14:12] [FSM] Lancement de l'étape 'DIALOG' via action 'dialog_step'
[2025-11-18 23:14:14] [FACE_STEP] Face: UNKNOWN (1.08), old_face Gaspar
[2025-11-18 23:14:14] [FACE_STEP] Face: UNKNOWN (1.05), old_face Gaspar
[2025-11-18 23:14:14] [FSM] OK : DIALOG → WAIT_CAR
[2025-11-18 23:14:14] [FSM] 🎉 Scénario terminé ! On recommence...
[2025-11-18 23:14:14] ========== 🔁 Nouveau cycle du scénario ==========
[2025-11-18 23:14:14] [FSM] Lancement de l'étape 'WAIT_CAR' via action 'wait_car_step'
[2025-11-18 23:14:16] [FACE_STEP] Face: UNKNOWN (1.11), old_face Gaspar
[2025-11-18 23:14:17] [FACE_STEP] Face: UNKNOWN (1.10), old_face Gaspar
[2025-11-18 23:14:17] [FACE_STEP] Face: UNKNOWN (1.11), old_face Gaspar
[2025-11-18 23:14:17] [FACE_STEP] Face: UNKNOWN (1.13), old_face Gaspar
[2025-11-18 23:14:19] [FACE_STEP] Face: UNKNOWN (1.11), old_face Gaspar
[2025-11-18 23:14:19] [FACE_STEP] Face: UNKNOWN (1.11), old_face Gaspar
[2025-11-18 23:14:20] [FACE_STEP] Face: UNKNOWN (0.96), old_face Gaspar
[2025-11-18 23:14:21] [FACE_STEP] Face: UNKNOWN (1.11), old_face Gaspar
[2025-11-18 23:14:21] [FACE_STEP] Face: UNKNOWN (1.13), old_face Gaspar
[2025-11-18 23:14:21] [FACE_STEP] Face: UNKNOWN (1.11), old_face Gaspar
[2025-11-18 23:14:23] [FACE_STEP] Face: UNKNOWN (1.14), old_face Gaspar
[2025-11-18 23:14:23] [FACE_STEP] Face: UNKNOWN (1.10), old_face Gaspar
[2025-11-18 23:14:24] [FACE_STEP] Face: UNKNOWN (1.12), old_face Gaspar
[2025-11-18 23:14:24] [FSM] OK : WAIT_CAR → QR
[2025-11-18 23:14:24] [FSM] Lancement de l'étape 'QR' via action 'qr_step'
[2025-11-18 23:14:25] [FACE_STEP] Face: UNKNOWN (1.10), old_face Gaspar
[2025-11-18 23:14:25] [FACE_STEP] Face: UNKNOWN (1.15), old_face Gaspar
[2025-11-18 23:14:25] [FACE_STEP] Face: UNKNOWN (1.07), old_face Gaspar
[2025-11-18 23:14:26] [FACE_STEP] Face: UNKNOWN (1.11), old_face Gaspar
[2025-11-18 23:14:26] [FSM] OK : QR → FACE
[2025-11-18 23:14:26] [FSM] Lancement de l'étape 'FACE' via action 'face_step'
[2025-11-18 23:14:27] [FACE_STEP] Face: UNKNOWN (1.28), old_face Gaspar
[2025-11-18 23:14:30] [FACE_STEP] Face: UNKNOWN (1.25), old_face Gaspar
[2025-11-18 23:14:30] [FACE_STEP] Étape démarrée, attente visage RECONNU...
[2025-11-18 23:14:30] [FACE_STEP] Face: UNKNOWN (0.94), old_face Gaspar
[2025-11-18 23:14:30] [FACE_STEP] Face: UNKNOWN (0.99), old_face Gaspar
[2025-11-18 23:14:31] [FACE_STEP] Face: Giovanna (0.89), old_face Gaspar
[2025-11-18 23:14:31] [FACE_STEP] LOG ENTRY envoyé pour Giovanna
[2025-11-18 23:14:31] [FACE_STEP] Visage CONNU détecté pendant l'action: Giovanna
[2025-11-18 23:14:31] [FACE_STEP] Visage reconnu (Giovanna), étape OK
[2025-11-18 23:14:31] [FACE_STEP] Fin de l'exécution de l'action, reset des états internes
[2025-11-18 23:14:31] [FSM] OK : FACE → DIALOG
[2025-11-18 23:14:31] [FSM] Lancement de l'étape 'DIALOG' via action 'dialog_step'
[2025-11-18 23:14:33] [FSM] OK : DIALOG → WAIT_CAR
[2025-11-18 23:14:33] [FSM] 🎉 Scénario terminé ! On recommence...
[2025-11-18 23:14:33] ========== 🔁 Nouveau cycle du scénario ==========
[2025-11-18 23:14:33] [FSM] Lancement de l'étape 'WAIT_CAR' via action 'wait_car_step'
[2025-11-18 23:14:34] [FACE_STEP] Face: UNKNOWN (1.06), old_face Giovanna
[2025-11-18 23:14:34] [FACE_STEP] Face: UNKNOWN (1.15), old_face Giovanna
[2025-11-18 23:14:34] [FACE_STEP] Face: UNKNOWN (1.18), old_face Giovanna
[2025-11-18 23:14:35] [FACE_STEP] Face: UNKNOWN (1.09), old_face Giovanna
[2025-11-18 23:14:38] [FACE_STEP] Face: UNKNOWN (1.01), old_face Giovanna
[2025-11-18 23:14:39] [FACE_STEP] Face: UNKNOWN (1.07), old_face Giovanna
[2025-11-18 23:14:39] [FACE_STEP] Face: UNKNOWN (1.11), old_face Giovanna
[2025-11-18 23:14:39] [FACE_STEP] Face: UNKNOWN (1.14), old_face Giovanna
[2025-11-18 23:14:39] [FACE_STEP] Face: UNKNOWN (1.13), old_face Giovanna
[2025-11-18 23:14:42] [FACE_STEP] Face: UNKNOWN (1.13), old_face Giovanna
[2025-11-18 23:14:44] [FSM] OK : WAIT_CAR → QR
[2025-11-18 23:14:44] [FSM] Lancement de l'étape 'QR' via action 'qr_step'
[2025-11-18 23:14:46] [FSM] OK : QR → FACE
[2025-11-18 23:14:46] [FSM] Lancement de l'étape 'FACE' via action 'face_step'
[2025-11-18 23:14:49] [FACE_STEP] Étape démarrée, attente visage RECONNU...
[2025-11-18 23:15:03] [FACE_STEP] Face: UNKNOWN (1.15), old_face Giovanna
[2025-11-18 23:15:07] [FACE_STEP] Face: UNKNOWN (1.20), old_face Giovanna
[2025-11-18 23:15:07] [FACE_STEP] Face: UNKNOWN (1.05), old_face Giovanna
[2025-11-18 23:15:07] [FACE_STEP] Face: UNKNOWN (1.08), old_face Giovanna
[2025-11-18 23:15:08] [FACE_STEP] Face: Giovanna (0.85), old_face Giovanna
[2025-11-18 23:15:08] [FACE_STEP] Visage CONNU détecté pendant l'action: Giovanna
[2025-11-18 23:15:08] [FACE_STEP] Face: UNKNOWN (1.20), old_face Giovanna
[2025-11-18 23:15:08] [FACE_STEP] Visage reconnu (Giovanna), étape OK
[2025-11-18 23:15:08] [FACE_STEP] Fin de l'exécution de l'action, reset des états internes
[2025-11-18 23:15:08] [FSM] OK : FACE → DIALOG
[2025-11-18 23:15:08] [FSM] Lancement de l'étape 'DIALOG' via action 'dialog_step'
[2025-11-18 23:15:10] [FSM] OK : DIALOG → WAIT_CAR
[2025-11-18 23:15:10] [FSM] 🎉 Scénario terminé ! On recommence...
[2025-11-18 23:15:10] ========== 🔁 Nouveau cycle du scénario ==========
[2025-11-18 23:15:10] [FSM] Lancement de l'étape 'WAIT_CAR' via action 'wait_car_step'
[2025-11-18 23:15:14] [FACE_STEP] Face: UNKNOWN (1.06), old_face Giovanna
[2025-11-18 23:15:15] [FACE_STEP] Face: UNKNOWN (1.08), old_face Giovanna
[2025-11-18 23:15:15] [FACE_STEP] Face: UNKNOWN (1.09), old_face Giovanna
[2025-11-18 23:15:15] [FACE_STEP] Face: UNKNOWN (1.05), old_face Giovanna
[2025-11-18 23:15:16] [FACE_STEP] Face: UNKNOWN (1.14), old_face Giovanna
[2025-11-18 23:15:16] [FACE_STEP] Face: UNKNOWN (1.13), old_face Giovanna
[2025-11-18 23:15:20] [FSM] OK : WAIT_CAR → QR
[2025-11-18 23:15:20] [FSM] Lancement de l'étape 'QR' via action 'qr_step'
[2025-11-18 23:15:21] [FACE_STEP] Face: Gaspar (0.78), old_face Giovanna
[2025-11-18 23:15:21] [FACE_STEP] LOG ENTRY envoyé pour Gaspar
[2025-11-18 23:15:22] [FACE_STEP] Face: Giovanna (0.86), old_face Gaspar
[2025-11-18 23:15:22] [FACE_STEP] LOG ENTRY envoyé pour Giovanna
[2025-11-18 23:15:22] [FACE_STEP] Face: UNKNOWN (0.90), old_face Giovanna
[2025-11-18 23:15:22] [FSM] OK : QR → FACE
[2025-11-18 23:15:22] [FSM] Lancement de l'étape 'FACE' via action 'face_step'
[2025-11-18 23:15:25] [FACE_STEP] Étape démarrée, attente visage RECONNU...
[2025-11-18 23:15:26] [FACE_STEP] Face: UNKNOWN (1.01), old_face Giovanna
[2025-11-18 23:15:27] [FACE_STEP] Face: UNKNOWN (0.98), old_face Giovanna
[2025-11-18 23:15:27] [FACE_STEP] Face: UNKNOWN (0.98), old_face Giovanna
[2025-11-18 23:15:27] [FACE_STEP] Fin de l'exécution de l'action, reset des états internes
[2025-11-18 23:16:08] [FSM] Start at state: WAIT_CAR
[2025-11-18 23:16:08] ========== 🔁 Nouveau cycle du scénario ==========
[2025-11-18 23:16:08] [FSM] Lancement de l'étape 'WAIT_CAR' via action 'wait_car_step'
[2025-11-18 23:16:14] [FACE_STEP] Device: cuda:0
[2025-11-18 23:16:14] [FACE_STEP] Loading embeddings from: /home/jetson/ros2_ws/install/ai_pkg/share/ai_pkg/models/embeddings.npy
[2025-11-18 23:16:14] [FACE_STEP] Loading names from: /home/jetson/ros2_ws/install/ai_pkg/share/ai_pkg/models/names.npy
[2025-11-18 23:16:14] [FACE_STEP] Database loaded: 26 identities
[2025-11-18 23:16:16] [FACE_STEP] FaceStepServer started! Subscribed to /image_raw/compressed
[2025-11-18 23:16:18] [FSM] OK : WAIT_CAR → QR
[2025-11-18 23:16:18] [FSM] Lancement de l'étape 'QR' via action 'qr_step'
[2025-11-18 23:16:20] [FSM] OK : QR → FACE
[2025-11-18 23:16:20] [FSM] Lancement de l'étape 'FACE' via action 'face_step'
[2025-11-18 23:16:20] [FACE_STEP] Étape démarrée, attente visage RECONNU...
[2025-11-18 23:16:25] [FACE_STEP] Face: UNKNOWN (1.08), old_face None
[2025-11-18 23:16:25] [FACE_STEP] Face: UNKNOWN (1.12), old_face None
[2025-11-18 23:16:25] [FACE_STEP] Face: UNKNOWN (1.10), old_face None
[2025-11-18 23:16:25] [FACE_STEP] Face: UNKNOWN (1.11), old_face None
[2025-11-18 23:16:25] [FACE_STEP] Face: UNKNOWN (1.09), old_face None
[2025-11-18 23:16:28] [FACE_STEP] Face: UNKNOWN (0.90), old_face None
[2025-11-18 23:16:35] [FACE_STEP] Face: UNKNOWN (0.93), old_face None
[2025-11-18 23:16:35] [FACE_STEP] Face: UNKNOWN (0.96), old_face None
[2025-11-18 23:16:35] [FACE_STEP] Face: UNKNOWN (0.99), old_face None
[2025-11-18 23:16:36] [FACE_STEP] Face: UNKNOWN (0.96), old_face None
[2025-11-18 23:16:36] [FACE_STEP] Face: Gaspar (0.87), old_face None
[2025-11-18 23:16:36] [FACE_STEP] LOG ENTRY envoyé pour Gaspar
[2025-11-18 23:16:36] [FACE_STEP] Visage CONNU détecté pendant l'action: Gaspar
[2025-11-18 23:16:36] [FACE_STEP] Visage reconnu (Gaspar), étape OK
[2025-11-18 23:16:36] [FACE_STEP] Fin de l'exécution de l'action, reset des états internes
[2025-11-18 23:16:36] [FSM] OK : FACE → DIALOG
[2025-11-18 23:16:36] [FSM] Lancement de l'étape 'DIALOG' via action 'dialog_step'
[2025-11-18 23:16:37] [FACE_STEP] Face: UNKNOWN (0.95), old_face Gaspar
[2025-11-18 23:16:37] [FACE_STEP] Face: Gaspar (0.77), old_face Gaspar
[2025-11-18 23:16:37] [FACE_STEP] Face: UNKNOWN (1.02), old_face Gaspar
[2025-11-18 23:16:37] [FACE_STEP] Face: UNKNOWN (1.02), old_face Gaspar
[2025-11-18 23:16:39] [FSM] OK : DIALOG → WAIT_CAR
[2025-11-18 23:16:39] [FSM] 🎉 Scénario terminé ! On recommence...
[2025-11-18 23:16:39] ========== 🔁 Nouveau cycle du scénario ==========
[2025-11-18 23:16:39] [FSM] Lancement de l'étape 'WAIT_CAR' via action 'wait_car_step'
[2025-11-18 23:16:49] [FSM] OK : WAIT_CAR → QR
[2025-11-18 23:16:49] [FSM] Lancement de l'étape 'QR' via action 'qr_step'
[2025-11-18 23:16:51] [FSM] OK : QR → FACE
[2025-11-18 23:16:51] [FSM] Lancement de l'étape 'FACE' via action 'face_step'
[2025-11-18 23:16:51] [FACE_STEP] Étape démarrée, attente visage RECONNU...
[2025-11-18 23:16:53] [FACE_STEP] Face: UNKNOWN (1.20), old_face Gaspar
[2025-11-18 23:16:53] [FACE_STEP] Face: UNKNOWN (1.20), old_face Gaspar
[2025-11-18 23:16:54] [FACE_STEP] Face: UNKNOWN (1.08), old_face Gaspar
[2025-11-18 23:16:54] [FACE_STEP] Face: UNKNOWN (1.06), old_face Gaspar
[2025-11-18 23:16:55] [FACE_STEP] Face: UNKNOWN (1.04), old_face Gaspar
[2025-11-18 23:16:57] [FACE_STEP] Face: UNKNOWN (1.07), old_face Gaspar
[2025-11-18 23:16:58] [FACE_STEP] Face: UNKNOWN (1.00), old_face Gaspar
[2025-11-18 23:16:58] [FACE_STEP] Face: UNKNOWN (1.00), old_face Gaspar
[2025-11-18 23:16:58] [FACE_STEP] Face: UNKNOWN (1.09), old_face Gaspar
[2025-11-18 23:16:59] [FACE_STEP] Face: UNKNOWN (1.08), old_face Gaspar
[2025-11-18 23:17:01] [FACE_STEP] Face: UNKNOWN (1.06), old_face Gaspar
[2025-11-18 23:17:02] [FACE_STEP] Face: UNKNOWN (1.08), old_face Gaspar
[2025-11-18 23:17:02] [FACE_STEP] Face: UNKNOWN (1.06), old_face Gaspar
[2025-11-18 23:17:02] [FACE_STEP] Face: UNKNOWN (1.10), old_face Gaspar
[2025-11-18 23:17:03] [FACE_STEP] Face: UNKNOWN (1.12), old_face Gaspar
[2025-11-18 23:17:05] [FACE_STEP] Face: UNKNOWN (1.07), old_face Gaspar
[2025-11-18 23:17:05] [FACE_STEP] Face: UNKNOWN (1.17), old_face Gaspar
[2025-11-18 23:17:06] [FACE_STEP] Face: UNKNOWN (1.18), old_face Gaspar
[2025-11-18 23:17:06] [FACE_STEP] Face: UNKNOWN (1.10), old_face Gaspar
[2025-11-18 23:17:08] [FACE_STEP] Face: UNKNOWN (1.11), old_face Gaspar
[2025-11-18 23:17:10] [FACE_STEP] Face: UNKNOWN (1.10), old_face Gaspar
[2025-11-18 23:17:10] [FACE_STEP] Face: UNKNOWN (1.07), old_face Gaspar
[2025-11-18 23:17:11] [FACE_STEP] Face: UNKNOWN (1.01), old_face Gaspar
[2025-11-18 23:17:11] [FACE_STEP] Face: UNKNOWN (1.05), old_face Gaspar
[2025-11-18 23:17:13] [FACE_STEP] Face: UNKNOWN (1.16), old_face Gaspar
[2025-11-18 23:17:15] [FACE_STEP] Face: UNKNOWN (1.08), old_face Gaspar
[2025-11-18 23:17:15] [FACE_STEP] Face: UNKNOWN (1.10), old_face Gaspar
[2025-11-18 23:17:16] [FACE_STEP] Face: UNKNOWN (1.11), old_face Gaspar
[2025-11-18 23:17:16] [FACE_STEP] Face: UNKNOWN (1.10), old_face Gaspar
[2025-11-18 23:17:17] [FACE_STEP] Face: UNKNOWN (1.13), old_face Gaspar
[2025-11-18 23:17:19] [FACE_STEP] Face: UNKNOWN (1.05), old_face Gaspar
[2025-11-18 23:17:19] [FACE_STEP] Face: UNKNOWN (0.99), old_face Gaspar
[2025-11-18 23:17:20] [FACE_STEP] Face: UNKNOWN (1.10), old_face Gaspar
[2025-11-18 23:17:20] [FACE_STEP] Face: UNKNOWN (1.05), old_face Gaspar
[2025-11-18 23:17:21] [FACE_STEP] Timeout : aucun visage RECONNU détecté
[2025-11-18 23:17:21] [FACE_STEP] Fin de l'exécution de l'action, reset des états internes
[2025-11-18 23:17:21] [FSM] OK : FACE → DIALOG
[2025-11-18 23:17:21] [FSM] Lancement de l'étape 'DIALOG' via action 'dialog_step'
[2025-11-18 23:17:21] [FACE_STEP] Face: UNKNOWN (1.10), old_face Gaspar
[2025-11-18 23:17:21] [FACE_STEP] Face: UNKNOWN (1.07), old_face Gaspar
[2025-11-18 23:17:21] [FACE_STEP] Face: UNKNOWN (1.11), old_face Gaspar
[2025-11-18 23:17:21] [FACE_STEP] Face: UNKNOWN (1.11), old_face Gaspar
[2025-11-18 23:17:21] [FACE_STEP] Face: UNKNOWN (1.13), old_face Gaspar
[2025-11-18 23:17:23] [FSM] OK : DIALOG → WAIT_CAR
[2025-11-18 23:17:23] [FSM] 🎉 Scénario terminé ! On recommence...
[2025-11-18 23:17:23] ========== 🔁 Nouveau cycle du scénario ==========
[2025-11-18 23:17:23] [FSM] Lancement de l'étape 'WAIT_CAR' via action 'wait_car_step'
[2025-11-18 23:17:33] [FSM] OK : WAIT_CAR → QR
[2025-11-18 23:17:33] [FSM] Lancement de l'étape 'QR' via action 'qr_step'
[2025-11-18 23:17:35] [FSM] OK : QR → FACE
[2025-11-18 23:17:35] [FSM] Lancement de l'étape 'FACE' via action 'face_step'
[2025-11-18 23:17:35] [FACE_STEP] Étape démarrée, attente visage RECONNU...
[2025-11-18 23:17:37] [FACE_STEP] Face: UNKNOWN (1.03), old_face Gaspar
[2025-11-18 23:17:38] [FACE_STEP] Face: UNKNOWN (1.02), old_face Gaspar
[2025-11-18 23:17:38] [FACE_STEP] Face: UNKNOWN (1.07), old_face Gaspar
[2025-11-18 23:17:38] [FACE_STEP] Face: UNKNOWN (1.05), old_face Gaspar
[2025-11-18 23:17:38] [FACE_STEP] Face: UNKNOWN (1.11), old_face Gaspar
[2025-11-18 23:17:41] [FACE_STEP] Face: UNKNOWN (1.10), old_face Gaspar
[2025-11-18 23:17:42] [FACE_STEP] Face: UNKNOWN (1.13), old_face Gaspar
[2025-11-18 23:17:42] [FACE_STEP] Face: UNKNOWN (1.08), old_face Gaspar
[2025-11-18 23:17:42] [FACE_STEP] Face: UNKNOWN (1.09), old_face Gaspar
[2025-11-18 23:17:43] [FACE_STEP] Face: UNKNOWN (1.03), old_face Gaspar
[2025-11-18 23:17:47] [FACE_STEP] Face: UNKNOWN (1.16), old_face Gaspar
[2025-11-18 23:17:47] [FACE_STEP] Face: UNKNOWN (1.14), old_face Gaspar
[2025-11-18 23:17:47] [FACE_STEP] Face: UNKNOWN (1.11), old_face Gaspar
[2025-11-18 23:17:47] [FACE_STEP] Face: UNKNOWN (1.08), old_face Gaspar
[2025-11-18 23:17:48] [FACE_STEP] Face: UNKNOWN (1.05), old_face Gaspar
[2025-11-18 23:17:51] [FACE_STEP] Face: UNKNOWN (1.04), old_face Gaspar
[2025-11-18 23:17:51] [FACE_STEP] Face: UNKNOWN (1.07), old_face Gaspar
[2025-11-18 23:17:52] [FACE_STEP] Face: UNKNOWN (1.05), old_face Gaspar
[2025-11-18 23:17:52] [FACE_STEP] Face: UNKNOWN (1.07), old_face Gaspar
[2025-11-18 23:17:52] [FACE_STEP] Face: UNKNOWN (1.01), old_face Gaspar
[2025-11-18 23:18:05] [FACE_STEP] Timeout : aucun visage RECONNU détecté
[2025-11-18 23:18:05] [FACE_STEP] Fin de l'exécution de l'action, reset des états internes
[2025-11-18 23:18:05] [FSM] OK : FACE → DIALOG
[2025-11-18 23:18:05] [FSM] Lancement de l'étape 'DIALOG' via action 'dialog_step'
[2025-11-18 23:18:07] [FSM] OK : DIALOG → WAIT_CAR
[2025-11-18 23:18:07] [FSM] 🎉 Scénario terminé ! On recommence...
[2025-11-18 23:18:07] ========== 🔁 Nouveau cycle du scénario ==========
[2025-11-18 23:18:07] [FSM] Lancement de l'étape 'WAIT_CAR' via action 'wait_car_step'
[2025-11-18 23:18:17] [FSM] OK : WAIT_CAR → QR
[2025-11-18 23:18:17] [FSM] Lancement de l'étape 'QR' via action 'qr_step'
[2025-11-18 23:18:19] [FSM] OK : QR → FACE
[2025-11-18 23:18:19] [FSM] Lancement de l'étape 'FACE' via action 'face_step'
[2025-11-18 23:18:19] [FACE_STEP] Étape démarrée, attente visage RECONNU...
[2025-11-18 23:18:49] [FACE_STEP] Timeout : aucun visage RECONNU détecté
[2025-11-18 23:18:49] [FACE_STEP] Fin de l'exécution de l'action, reset des états internes
[2025-11-18 23:18:49] [FSM] OK : FACE → DIALOG
[2025-11-18 23:18:49] [FSM] Lancement de l'étape 'DIALOG' via action 'dialog_step'
[2025-11-18 23:18:51] [FSM] OK : DIALOG → WAIT_CAR
[2025-11-18 23:18:51] [FSM] 🎉 Scénario terminé ! On recommence...
[2025-11-18 23:18:51] ========== 🔁 Nouveau cycle du scénario ==========
[2025-11-18 23:18:51] [FSM] Lancement de l'étape 'WAIT_CAR' via action 'wait_car_step'
[2025-11-18 23:19:02] [FSM] OK : WAIT_CAR → QR
[2025-11-18 23:19:02] [FSM] Lancement de l'étape 'QR' via action 'qr_step'
[2025-11-18 23:19:04] [FSM] OK : QR → FACE
[2025-11-18 23:19:04] [FSM] Lancement de l'étape 'FACE' via action 'face_step'
[2025-11-18 23:19:04] [FACE_STEP] Étape démarrée, attente visage RECONNU...
[2025-11-18 23:19:18] [FACE_STEP] Face: UNKNOWN (1.12), old_face Gaspar
[2025-11-18 23:19:18] [FACE_STEP] Face: UNKNOWN (1.13), old_face Gaspar
[2025-11-18 23:19:18] [FACE_STEP] Face: UNKNOWN (1.04), old_face Gaspar
[2025-11-18 23:19:18] [FACE_STEP] Face: UNKNOWN (1.05), old_face Gaspar
[2025-11-18 23:19:19] [FACE_STEP] Face: UNKNOWN (1.06), old_face Gaspar
[2025-11-18 23:19:22] [FACE_STEP] Face: UNKNOWN (1.25), old_face Gaspar
[2025-11-18 23:19:22] [FACE_STEP] Face: UNKNOWN (1.07), old_face Gaspar
[2025-11-18 23:19:23] [FACE_STEP] Face: UNKNOWN (1.13), old_face Gaspar
[2025-11-18 23:19:23] [FACE_STEP] Face: UNKNOWN (1.09), old_face Gaspar
[2025-11-18 23:19:24] [FACE_STEP] Face: UNKNOWN (0.99), old_face Gaspar
[2025-11-18 23:19:26] [FACE_STEP] Face: UNKNOWN (1.09), old_face Gaspar
[2025-11-18 23:19:26] [FACE_STEP] Face: UNKNOWN (1.11), old_face Gaspar
[2025-11-18 23:19:26] [FACE_STEP] Face: UNKNOWN (1.01), old_face Gaspar
[2025-11-18 23:19:29] [FACE_STEP] Face: UNKNOWN (1.19), old_face Gaspar
[2025-11-18 23:19:29] [FACE_STEP] Face: UNKNOWN (1.17), old_face Gaspar
[2025-11-18 23:19:29] [FACE_STEP] Face: UNKNOWN (1.18), old_face Gaspar
[2025-11-18 23:19:32] [FACE_STEP] Face: UNKNOWN (1.16), old_face Gaspar
[2025-11-18 23:19:32] [FACE_STEP] Face: UNKNOWN (1.17), old_face Gaspar
[2025-11-18 23:19:34] [FACE_STEP] Timeout : aucun visage RECONNU détecté
[2025-11-18 23:19:34] [FACE_STEP] Fin de l'exécution de l'action, reset des états internes
[2025-11-18 23:19:34] [FSM] OK : FACE → DIALOG
[2025-11-18 23:19:34] [FSM] Lancement de l'étape 'DIALOG' via action 'dialog_step'
[2025-11-18 23:19:34] [FACE_STEP] Face: UNKNOWN (1.17), old_face Gaspar
[2025-11-18 23:19:34] [FACE_STEP] Face: UNKNOWN (1.21), old_face Gaspar
[2025-11-18 23:19:34] [FACE_STEP] Face: UNKNOWN (1.14), old_face Gaspar
[2025-11-18 23:19:34] [FACE_STEP] Face: UNKNOWN (1.17), old_face Gaspar
[2025-11-18 23:19:36] [FSM] OK : DIALOG → WAIT_CAR
[2025-11-18 23:19:36] [FSM] 🎉 Scénario terminé ! On recommence...
[2025-11-18 23:19:36] ========== 🔁 Nouveau cycle du scénario ==========
[2025-11-18 23:19:36] [FSM] Lancement de l'étape 'WAIT_CAR' via action 'wait_car_step'
[2025-11-18 23:19:46] [FSM] OK : WAIT_CAR → QR
[2025-11-18 23:19:46] [FSM] Lancement de l'étape 'QR' via action 'qr_step'
[2025-11-18 23:19:48] [FSM] OK : QR → FACE
[2025-11-18 23:19:48] [FSM] Lancement de l'étape 'FACE' via action 'face_step'
[2025-11-18 23:19:48] [FACE_STEP] Étape démarrée, attente visage RECONNU...
[2025-11-18 23:19:59] [FACE_STEP] Face: UNKNOWN (0.95), old_face Gaspar
[2025-11-18 23:20:11] [FACE_STEP] Face: UNKNOWN (1.12), old_face Gaspar
[2025-11-18 23:20:12] [FACE_STEP] Face: UNKNOWN (1.01), old_face Gaspar
[2025-11-18 23:20:12] [FACE_STEP] Face: UNKNOWN (1.11), old_face Gaspar
[2025-11-18 23:20:12] [FACE_STEP] Face: UNKNOWN (1.04), old_face Gaspar
[2025-11-18 23:20:12] [FACE_STEP] Face: UNKNOWN (1.12), old_face Gaspar
[2025-11-18 23:20:15] [FACE_STEP] Face: UNKNOWN (1.06), old_face Gaspar
[2025-11-18 23:20:16] [FACE_STEP] Face: UNKNOWN (1.00), old_face Gaspar
[2025-11-18 23:20:16] [FACE_STEP] Face: UNKNOWN (1.05), old_face Gaspar
[2025-11-18 23:20:16] [FACE_STEP] Face: UNKNOWN (1.06), old_face Gaspar
[2025-11-18 23:20:16] [FACE_STEP] Face: UNKNOWN (1.06), old_face Gaspar
[2025-11-18 23:20:18] [FACE_STEP] Timeout : aucun visage RECONNU détecté
[2025-11-18 23:20:18] [FACE_STEP] Fin de l'exécution de l'action, reset des états internes
[2025-11-18 23:20:18] [FSM] OK : FACE → DIALOG
[2025-11-18 23:20:18] [FSM] Lancement de l'étape 'DIALOG' via action 'dialog_step'
[2025-11-18 23:20:19] [FACE_STEP] Face: UNKNOWN (1.12), old_face Gaspar
[2025-11-18 23:20:19] [FACE_STEP] Face: UNKNOWN (1.14), old_face Gaspar
[2025-11-18 23:20:19] [FACE_STEP] Face: UNKNOWN (1.15), old_face Gaspar
[2025-11-18 23:20:19] [FACE_STEP] Face: UNKNOWN (1.09), old_face Gaspar
[2025-11-18 23:20:19] [FACE_STEP] Face: UNKNOWN (1.13), old_face Gaspar
[2025-11-18 23:20:20] [FSM] OK : DIALOG → WAIT_CAR
[2025-11-18 23:20:20] [FSM] 🎉 Scénario terminé ! On recommence...
[2025-11-18 23:20:20] ========== 🔁 Nouveau cycle du scénario ==========
[2025-11-18 23:20:20] [FSM] Lancement de l'étape 'WAIT_CAR' via action 'wait_car_step'
[2025-11-18 23:20:30] [FSM] OK : WAIT_CAR → QR
[2025-11-18 23:20:30] [FSM] Lancement de l'étape 'QR' via action 'qr_step'
[2025-11-18 23:20:33] [FSM] OK : QR → FACE
[2025-11-18 23:20:33] [FSM] Lancement de l'étape 'FACE' via action 'face_step'
[2025-11-18 23:20:33] [FACE_STEP] Étape démarrée, attente visage RECONNU...
[2025-11-18 23:20:35] [FACE_STEP] Face: UNKNOWN (1.14), old_face Gaspar
[2025-11-18 23:20:36] [FACE_STEP] Face: UNKNOWN (1.15), old_face Gaspar
[2025-11-18 23:20:36] [FACE_STEP] Face: UNKNOWN (1.14), old_face Gaspar
[2025-11-18 23:20:36] [FACE_STEP] Face: UNKNOWN (1.12), old_face Gaspar
[2025-11-18 23:20:36] [FACE_STEP] Face: UNKNOWN (1.09), old_face Gaspar
[2025-11-18 23:20:39] [FACE_STEP] Face: UNKNOWN (1.16), old_face Gaspar
[2025-11-18 23:20:39] [FACE_STEP] Face: UNKNOWN (1.16), old_face Gaspar
[2025-11-18 23:20:39] [FACE_STEP] Face: UNKNOWN (1.12), old_face Gaspar
[2025-11-18 23:20:40] [FACE_STEP] Face: UNKNOWN (1.19), old_face Gaspar
[2025-11-18 23:20:43] [FACE_STEP] Face: UNKNOWN (1.11), old_face Gaspar
[2025-11-18 23:20:49] [FACE_STEP] Face: UNKNOWN (1.28), old_face Gaspar
[2025-11-18 23:20:49] [FACE_STEP] Face: UNKNOWN (1.20), old_face Gaspar
[2025-11-18 23:20:50] [FACE_STEP] Face: UNKNOWN (1.13), old_face Gaspar
[2025-11-18 23:20:50] [FACE_STEP] Face: UNKNOWN (1.14), old_face Gaspar
[2025-11-18 23:20:51] [FACE_STEP] Face: UNKNOWN (1.09), old_face Gaspar
[2025-11-18 23:20:52] [FACE_STEP] Fin de l'exécution de l'action, reset des états internes
[2025-11-18 23:21:14] [FSM] Start at state: WAIT_CAR
[2025-11-18 23:21:14] ========== 🔁 Nouveau cycle du scénario ==========
[2025-11-18 23:21:14] [FSM] Lancement de l'étape 'WAIT_CAR' via action 'wait_car_step'
[2025-11-18 23:21:22] [FACE_STEP] Device: cuda:0
[2025-11-18 23:21:22] [FACE_STEP] Loading embeddings from: /home/jetson/ros2_ws/install/ai_pkg/share/ai_pkg/models/embeddings.npy
[2025-11-18 23:21:22] [FACE_STEP] Loading names from: /home/jetson/ros2_ws/install/ai_pkg/share/ai_pkg/models/names.npy
[2025-11-18 23:21:22] [FACE_STEP] Database loaded: 26 identities
[2025-11-18 23:21:23] [FACE_STEP] FaceStepServer started! Subscribed to /image_raw/compressed
[2025-11-18 23:21:25] [FSM] OK : WAIT_CAR → QR
[2025-11-18 23:21:25] [FSM] Lancement de l'étape 'QR' via action 'qr_step'
[2025-11-18 23:21:27] [FSM] OK : QR → FACE
[2025-11-18 23:21:27] [FSM] Lancement de l'étape 'FACE' via action 'face_step'
[2025-11-18 23:21:27] [FACE_STEP] Face: UNKNOWN (0.98), old_face None
[2025-11-18 23:21:27] [FACE_STEP] Étape démarrée, attente visage RECONNU...
[2025-11-18 23:21:28] [FACE_STEP] Face: UNKNOWN (0.99), old_face None
[2025-11-18 23:21:29] [FACE_STEP] Face: UNKNOWN (0.95), old_face None
[2025-11-18 23:21:29] [FACE_STEP] Face: UNKNOWN (0.98), old_face None
[2025-11-18 23:21:29] [FACE_STEP] Face: UNKNOWN (1.01), old_face None
[2025-11-18 23:21:29] [FACE_STEP] Face: UNKNOWN (0.97), old_face None
[2025-11-18 23:21:30] [FACE_STEP] Face: Giovanna (0.90), old_face None
[2025-11-18 23:21:30] [FACE_STEP] LOG ENTRY envoyé pour Giovanna
[2025-11-18 23:21:30] [FACE_STEP] Visage CONNU détecté pendant l'action: Giovanna
[2025-11-18 23:21:30] [FACE_STEP] Visage reconnu (Giovanna), étape OK
[2025-11-18 23:21:30] [FACE_STEP] Fin de l'exécution de l'action, reset des états internes
[2025-11-18 23:21:30] [FSM] OK : FACE → DIALOG
[2025-11-18 23:21:30] [FSM] Lancement de l'étape 'DIALOG' via action 'dialog_step'
[2025-11-18 23:21:31] [FACE_STEP] Face: UNKNOWN (1.02), old_face Giovanna
[2025-11-18 23:21:31] [FACE_STEP] Face: UNKNOWN (0.93), old_face Giovanna
[2025-11-18 23:21:31] [FACE_STEP] Face: UNKNOWN (0.98), old_face Giovanna
[2025-11-18 23:21:32] [FACE_STEP] Face: UNKNOWN (0.93), old_face Giovanna
[2025-11-18 23:21:32] [FACE_STEP] Face: UNKNOWN (0.95), old_face Giovanna
[2025-11-18 23:21:33] [FACE_STEP] Face: UNKNOWN (0.96), old_face Giovanna
[2025-11-18 23:21:33] [FACE_STEP] Face: UNKNOWN (0.93), old_face Giovanna
[2025-11-18 23:21:34] [FACE_STEP] Face: UNKNOWN (0.95), old_face Giovanna
[2025-11-18 23:21:35] [FACE_STEP] Face: UNKNOWN (0.97), old_face Giovanna
[2025-11-18 23:21:35] [FACE_STEP] Face: UNKNOWN (0.99), old_face Giovanna
[2025-11-18 23:21:35] [FACE_STEP] Face: UNKNOWN (0.97), old_face Giovanna
[2025-11-18 23:21:36] [FACE_STEP] Face: UNKNOWN (0.97), old_face Giovanna
[2025-11-18 23:21:37] [FACE_STEP] Face: UNKNOWN (1.00), old_face Giovanna
[2025-11-18 23:21:37] [FACE_STEP] Face: UNKNOWN (1.00), old_face Giovanna
[2025-11-18 23:21:39] [FACE_STEP] Face: Gaspar (0.90), old_face Giovanna
[2025-11-18 23:21:39] [FACE_STEP] LOG ENTRY envoyé pour Gaspar
[2025-11-18 23:21:39] [FACE_STEP] Face: UNKNOWN (1.02), old_face Gaspar
[2025-11-18 23:21:39] [FACE_STEP] Face: UNKNOWN (0.94), old_face Gaspar
[2025-11-18 23:21:39] [FACE_STEP] Face: UNKNOWN (0.93), old_face Gaspar
[2025-11-18 23:21:40] [FSM] OK : DIALOG → WAIT_CAR
[2025-11-18 23:21:40] [FSM] 🎉 Scénario terminé ! On recommence...
[2025-11-18 23:21:40] ========== 🔁 Nouveau cycle du scénario ==========
[2025-11-18 23:21:40] [FSM] Lancement de l'étape 'WAIT_CAR' via action 'wait_car_step'
[2025-11-18 23:21:40] [FACE_STEP] Face: UNKNOWN (0.97), old_face Gaspar
[2025-11-18 23:21:40] [FACE_STEP] Face: UNKNOWN (0.96), old_face Gaspar
[2025-11-18 23:21:41] [FACE_STEP] Face: UNKNOWN (0.98), old_face Gaspar
[2025-11-18 23:21:41] [FACE_STEP] Face: UNKNOWN (0.98), old_face Gaspar
[2025-11-18 23:21:41] [FACE_STEP] Face: UNKNOWN (1.01), old_face Gaspar
[2025-11-18 23:21:42] [FACE_STEP] Face: UNKNOWN (1.00), old_face Gaspar
[2025-11-18 23:21:42] [FACE_STEP] Face: UNKNOWN (0.95), old_face Gaspar
[2025-11-18 23:21:43] [FACE_STEP] Face: Gaspar (0.74), old_face Gaspar
[2025-11-18 23:21:44] [FACE_STEP] Face: UNKNOWN (0.96), old_face Gaspar
[2025-11-18 23:21:46] [FACE_STEP] Face: UNKNOWN (0.96), old_face Gaspar
[2025-11-18 23:21:47] [FACE_STEP] Face: UNKNOWN (0.98), old_face Gaspar
[2025-11-18 23:21:47] [FACE_STEP] Face: UNKNOWN (1.28), old_face Gaspar
[2025-11-18 23:21:47] [FACE_STEP] Face: UNKNOWN (1.29), old_face Gaspar
[2025-11-18 23:21:48] [FACE_STEP] Face: UNKNOWN (1.31), old_face Gaspar
[2025-11-18 23:21:48] [FACE_STEP] Face: UNKNOWN (1.24), old_face Gaspar
[2025-11-18 23:21:50] [FACE_STEP] Face: UNKNOWN (1.13), old_face Gaspar
[2025-11-18 23:21:50] [FSM] OK : WAIT_CAR → QR
[2025-11-18 23:21:50] [FSM] Lancement de l'étape 'QR' via action 'qr_step'
[2025-11-18 23:21:50] [FACE_STEP] Face: UNKNOWN (0.98), old_face Gaspar
[2025-11-18 23:21:51] [FACE_STEP] Face: UNKNOWN (0.98), old_face Gaspar
[2025-11-18 23:21:52] [FSM] OK : QR → FACE
[2025-11-18 23:21:52] [FSM] Lancement de l'étape 'FACE' via action 'face_step'
[2025-11-18 23:21:53] [FACE_STEP] Face: UNKNOWN (1.00), old_face Gaspar
[2025-11-18 23:21:53] [FACE_STEP] Étape démarrée, attente visage RECONNU...
[2025-11-18 23:21:53] [FACE_STEP] Face: UNKNOWN (1.04), old_face Gaspar
[2025-11-18 23:21:53] [FACE_STEP] Face: UNKNOWN (0.98), old_face Gaspar
[2025-11-18 23:21:54] [FACE_STEP] Face: UNKNOWN (1.02), old_face Gaspar
[2025-11-18 23:21:56] [FACE_STEP] Face: UNKNOWN (0.97), old_face Gaspar
[2025-11-18 23:21:58] [FACE_STEP] Face: UNKNOWN (1.00), old_face Gaspar
[2025-11-18 23:21:58] [FACE_STEP] Face: UNKNOWN (1.13), old_face Gaspar
[2025-11-18 23:21:58] [FACE_STEP] Face: UNKNOWN (0.96), old_face Gaspar
[2025-11-18 23:21:59] [FACE_STEP] Face: UNKNOWN (0.94), old_face Gaspar
[2025-11-18 23:22:00] [FACE_STEP] Face: UNKNOWN (1.01), old_face Gaspar
[2025-11-18 23:22:03] [FACE_STEP] Face: UNKNOWN (0.93), old_face Gaspar
[2025-11-18 23:22:03] [FACE_STEP] Face: UNKNOWN (1.06), old_face Gaspar
[2025-11-18 23:22:04] [FACE_STEP] Face: UNKNOWN (1.11), old_face Gaspar
[2025-11-18 23:22:04] [FACE_STEP] Face: UNKNOWN (1.11), old_face Gaspar
[2025-11-18 23:22:06] [FACE_STEP] Face: UNKNOWN (0.99), old_face Gaspar
[2025-11-18 23:22:08] [FACE_STEP] Face: UNKNOWN (0.97), old_face Gaspar
[2025-11-18 23:22:08] [FACE_STEP] Face: UNKNOWN (0.99), old_face Gaspar
[2025-11-18 23:22:08] [FACE_STEP] Face: UNKNOWN (0.95), old_face Gaspar
[2025-11-18 23:22:08] [FACE_STEP] Face: UNKNOWN (0.99), old_face Gaspar
[2025-11-18 23:22:10] [FACE_STEP] Face: UNKNOWN (1.11), old_face Gaspar
[2025-11-18 23:22:12] [FACE_STEP] Face: UNKNOWN (1.17), old_face Gaspar
[2025-11-18 23:22:12] [FACE_STEP] Face: UNKNOWN (0.95), old_face Gaspar
[2025-11-18 23:22:12] [FACE_STEP] Face: UNKNOWN (1.02), old_face Gaspar
[2025-11-18 23:22:12] [FACE_STEP] Face: UNKNOWN (0.98), old_face Gaspar
[2025-11-18 23:22:15] [FACE_STEP] Face: UNKNOWN (1.08), old_face Gaspar
[2025-11-18 23:22:16] [FACE_STEP] Face: UNKNOWN (1.02), old_face Gaspar
[2025-11-18 23:22:16] [FACE_STEP] Face: UNKNOWN (1.01), old_face Gaspar
[2025-11-18 23:22:17] [FACE_STEP] Face: UNKNOWN (0.98), old_face Gaspar
[2025-11-18 23:22:17] [FACE_STEP] Face: UNKNOWN (0.98), old_face Gaspar
[2025-11-18 23:22:19] [FACE_STEP] Face: UNKNOWN (1.18), old_face Gaspar
[2025-11-18 23:22:20] [FACE_STEP] Face: UNKNOWN (1.05), old_face Gaspar
[2025-11-18 23:22:21] [FACE_STEP] Face: UNKNOWN (1.03), old_face Gaspar
[2025-11-18 23:22:21] [FACE_STEP] Face: UNKNOWN (1.05), old_face Gaspar
[2025-11-18 23:22:21] [FACE_STEP] Face: UNKNOWN (1.04), old_face Gaspar
[2025-11-18 23:22:23] [FACE_STEP] Timeout : aucun visage RECONNU détecté
[2025-11-18 23:22:23] [FACE_STEP] Fin de l'exécution de l'action, reset des états internes
[2025-11-18 23:22:25] [FACE_STEP] Face: UNKNOWN (1.17), old_face Gaspar
[2025-11-18 23:22:25] [FSM] OK : FACE → DIALOG
[2025-11-18 23:22:25] [FSM] Lancement de l'étape 'DIALOG' via action 'dialog_step'
[2025-11-18 23:22:26] [FACE_STEP] Face: UNKNOWN (1.05), old_face Gaspar
[2025-11-18 23:22:26] [FACE_STEP] Face: UNKNOWN (1.01), old_face Gaspar
[2025-11-18 23:22:26] [FACE_STEP] Face: UNKNOWN (1.00), old_face Gaspar
[2025-11-18 23:22:26] [FACE_STEP] Face: UNKNOWN (1.06), old_face Gaspar
[2025-11-18 23:23:48] [FSM] Start at state: WAIT_CAR
[2025-11-18 23:23:48] ========== 🔁 Nouveau cycle du scénario ==========
[2025-11-18 23:23:48] [FSM] Lancement de l'étape 'WAIT_CAR' via action 'wait_car_step'
[2025-11-18 23:23:53] [FACE_STEP] Device: cuda:0
[2025-11-18 23:23:53] [FACE_STEP] Loading embeddings from: /home/jetson/ros2_ws/install/ai_pkg/share/ai_pkg/models/embeddings.npy
[2025-11-18 23:23:53] [FACE_STEP] Loading names from: /home/jetson/ros2_ws/install/ai_pkg/share/ai_pkg/models/names.npy
[2025-11-18 23:23:53] [FACE_STEP] Database loaded: 26 identities
[2025-11-18 23:23:54] [FACE_STEP] FaceStepServer started! Subscribed to /image_raw/compressed
[2025-11-18 23:23:58] [FSM] OK : WAIT_CAR → QR
[2025-11-18 23:23:58] [FSM] Lancement de l'étape 'QR' via action 'qr_step'
[2025-11-18 23:24:00] [FSM] OK : QR → FACE
[2025-11-18 23:24:00] [FSM] Lancement de l'étape 'FACE' via action 'face_step'
[2025-11-18 23:24:00] [FACE_STEP] Étape démarrée, attente visage RECONNU...
[2025-11-18 23:24:04] [FACE_STEP] Face: UNKNOWN (0.96), old_face None
[2025-11-18 23:24:05] [FACE_STEP] Face: UNKNOWN (1.14), old_face None
[2025-11-18 23:24:07] [FACE_STEP] Face: UNKNOWN (1.03), old_face None
[2025-11-18 23:24:07] [FACE_STEP] Face: UNKNOWN (1.14), old_face None
[2025-11-18 23:24:07] [FACE_STEP] Face: UNKNOWN (1.08), old_face None
[2025-11-18 23:24:09] [FACE_STEP] Face: UNKNOWN (1.24), old_face None
[2025-11-18 23:24:09] [FACE_STEP] Face: UNKNOWN (1.18), old_face None
[2025-11-18 23:24:10] [FACE_STEP] Face: UNKNOWN (1.25), old_face None
[2025-11-18 23:24:10] [FACE_STEP] Face: UNKNOWN (1.19), old_face None
[2025-11-18 23:24:11] [FACE_STEP] Face: UNKNOWN (1.25), old_face None
[2025-11-18 23:24:16] [FACE_STEP] Face: UNKNOWN (1.12), old_face None
[2025-11-18 23:24:16] [FACE_STEP] Face: UNKNOWN (1.13), old_face None
[2025-11-18 23:24:16] [FACE_STEP] Face: UNKNOWN (1.09), old_face None
[2025-11-18 23:24:16] [FACE_STEP] Face: UNKNOWN (1.12), old_face None
[2025-11-18 23:24:17] [FACE_STEP] Face: UNKNOWN (1.13), old_face None
[2025-11-18 23:24:21] [FACE_STEP] Face: UNKNOWN (1.12), old_face None
[2025-11-18 23:24:21] [FACE_STEP] Face: UNKNOWN (1.16), old_face None
[2025-11-18 23:24:22] [FACE_STEP] Face: UNKNOWN (1.15), old_face None
[2025-11-18 23:24:22] [FACE_STEP] Face: UNKNOWN (1.17), old_face None
[2025-11-18 23:24:22] [FACE_STEP] Face: UNKNOWN (1.14), old_face None
[2025-11-18 23:24:29] [FACE_STEP] Face: UNKNOWN (1.02), old_face None
[2025-11-18 23:24:29] [FACE_STEP] Face: Hugo (0.88), old_face None
[2025-11-18 23:24:29] [FACE_STEP] LOG ENTRY envoyé pour Hugo
[2025-11-18 23:24:29] [FACE_STEP] Face: UNKNOWN (0.98), old_face Hugo
[2025-11-18 23:24:29] [FACE_STEP] Visage CONNU détecté pendant l'action: Hugo
[2025-11-18 23:24:29] [FACE_STEP] Visage reconnu (Hugo), étape OK
[2025-11-18 23:24:29] [FACE_STEP] Fin de l'exécution de l'action, reset des états internes
[2025-11-18 23:24:29] [FSM] OK : FACE → DIALOG
[2025-11-18 23:24:29] [FSM] Lancement de l'étape 'DIALOG' via action 'dialog_step'
[2025-11-18 23:24:29] [FACE_STEP] Face: Hugo (0.88), old_face Hugo
[2025-11-18 23:24:29] [FACE_STEP] Visage CONNU détecté pendant l'action: Hugo
[2025-11-18 23:24:29] [FACE_STEP] Face: UNKNOWN (0.98), old_face Hugo
[2025-11-18 23:24:39] [FSM] OK : DIALOG → WAIT_CAR
[2025-11-18 23:24:39] [FSM] 🎉 Scénario terminé ! On recommence...
[2025-11-18 23:24:39] ========== 🔁 Nouveau cycle du scénario ==========
[2025-11-18 23:24:39] [FSM] Lancement de l'étape 'WAIT_CAR' via action 'wait_car_step'
[2025-11-18 23:24:49] [FSM] OK : WAIT_CAR → QR
[2025-11-18 23:24:49] [FSM] Lancement de l'étape 'QR' via action 'qr_step'
[2025-11-18 23:24:51] [FSM] OK : QR → FACE
[2025-11-18 23:24:51] [FSM] Lancement de l'étape 'FACE' via action 'face_step'
[2025-11-18 23:24:51] [FACE_STEP] Étape démarrée, attente visage RECONNU...
[2025-11-18 23:24:56] [FACE_STEP] Face: UNKNOWN (1.08), old_face None
[2025-11-18 23:24:56] [FACE_STEP] Face: UNKNOWN (1.14), old_face None
[2025-11-18 23:25:02] [FACE_STEP] Face: Gaspar (0.83), old_face None
[2025-11-18 23:25:02] [FACE_STEP] LOG ENTRY envoyé pour Gaspar
[2025-11-18 23:25:02] [FACE_STEP] Visage CONNU détecté pendant l'action: Gaspar
[2025-11-18 23:25:03] [FACE_STEP] Face: Gaspar (0.87), old_face Gaspar
[2025-11-18 23:25:03] [FACE_STEP] Visage CONNU détecté pendant l'action: Gaspar
[2025-11-18 23:25:03] [FACE_STEP] Visage reconnu (Gaspar), étape OK
[2025-11-18 23:25:03] [FACE_STEP] Fin de l'exécution de l'action, reset des états internes
[2025-11-18 23:25:03] [FSM] OK : FACE → DIALOG
[2025-11-18 23:25:03] [FSM] Lancement de l'étape 'DIALOG' via action 'dialog_step'
[2025-11-18 23:25:03] [FACE_STEP] Face: Gaspar (0.79), old_face Gaspar
[2025-11-18 23:25:03] [FACE_STEP] Face: Gaspar (0.77), old_face Gaspar
[2025-11-18 23:25:03] [FACE_STEP] Visage CONNU détecté pendant l'action: Gaspar
[2025-11-18 23:25:03] [FACE_STEP] Visage CONNU détecté pendant l'action: Gaspar
[2025-11-18 23:25:03] [FACE_STEP] Face: Gaspar (0.76), old_face Gaspar
[2025-11-18 23:25:03] [FACE_STEP] Visage CONNU détecté pendant l'action: Gaspar
[2025-11-18 23:25:03] [FACE_STEP] Face: Gaspar (0.75), old_face Gaspar
[2025-11-18 23:25:03] [FACE_STEP] Face: Gaspar (0.75), old_face Gaspar
[2025-11-18 23:25:03] [FACE_STEP] Visage CONNU détecté pendant l'action: Gaspar
[2025-11-18 23:25:03] [FACE_STEP] Visage CONNU détecté pendant l'action: Gaspar
[2025-11-18 23:25:13] [FSM] OK : DIALOG → WAIT_CAR
[2025-11-18 23:25:13] [FSM] 🎉 Scénario terminé ! On recommence...
[2025-11-18 23:25:13] ========== 🔁 Nouveau cycle du scénario ==========
[2025-11-18 23:25:13] [FSM] Lancement de l'étape 'WAIT_CAR' via action 'wait_car_step'
[2025-11-18 23:25:23] [FSM] OK : WAIT_CAR → QR
[2025-11-18 23:25:23] [FSM] Lancement de l'étape 'QR' via action 'qr_step'
[2025-11-18 23:25:25] [FSM] OK : QR → FACE
[2025-11-18 23:25:25] [FSM] Lancement de l'étape 'FACE' via action 'face_step'
[2025-11-18 23:25:25] [FACE_STEP] Étape démarrée, attente visage RECONNU...
[2025-11-18 23:25:27] [FACE_STEP] Face: UNKNOWN (1.11), old_face None
[2025-11-18 23:25:27] [FACE_STEP] Face: UNKNOWN (1.12), old_face None
[2025-11-18 23:25:27] [FACE_STEP] Face: UNKNOWN (1.11), old_face None
[2025-11-18 23:25:27] [FACE_STEP] Face: UNKNOWN (1.15), old_face None
[2025-11-18 23:25:27] [FACE_STEP] Face: UNKNOWN (1.16), old_face None
[2025-11-18 23:25:28] [FACE_STEP] Face: UNKNOWN (1.02), old_face None
[2025-11-18 23:25:29] [FACE_STEP] Face: UNKNOWN (1.01), old_face None
[2025-11-18 23:25:29] [FACE_STEP] Face: UNKNOWN (1.10), old_face None
[2025-11-18 23:25:30] [FACE_STEP] Face: UNKNOWN (1.02), old_face None
[2025-11-18 23:25:30] [FACE_STEP] Face: UNKNOWN (1.09), old_face None
[2025-11-18 23:25:30] [FACE_STEP] Face: UNKNOWN (1.18), old_face None
[2025-11-18 23:25:31] [FACE_STEP] Face: UNKNOWN (1.17), old_face None
[2025-11-18 23:25:31] [FACE_STEP] Face: UNKNOWN (1.15), old_face None
[2025-11-18 23:25:31] [FACE_STEP] Face: UNKNOWN (1.11), old_face None
[2025-11-18 23:25:32] [FACE_STEP] Face: UNKNOWN (1.05), old_face None
[2025-11-18 23:25:32] [FACE_STEP] Face: UNKNOWN (0.98), old_face None
[2025-11-18 23:25:32] [FACE_STEP] Face: UNKNOWN (1.00), old_face None
[2025-11-18 23:25:33] [FACE_STEP] Face: Gaspar (0.74), old_face None
[2025-11-18 23:25:33] [FACE_STEP] LOG ENTRY envoyé pour Gaspar
[2025-11-18 23:25:33] [FACE_STEP] Visage CONNU détecté pendant l'action: Gaspar
[2025-11-18 23:25:33] [FACE_STEP] Visage reconnu (Gaspar), étape OK
[2025-11-18 23:25:33] [FACE_STEP] Fin de l'exécution de l'action, reset des états internes
[2025-11-18 23:25:33] [FSM] OK : FACE → DIALOG
[2025-11-18 23:25:33] [FSM] Lancement de l'étape 'DIALOG' via action 'dialog_step'
[2025-11-18 23:25:33] [FACE_STEP] Face: Gaspar (0.82), old_face Gaspar
[2025-11-18 23:25:33] [FACE_STEP] Visage CONNU détecté pendant l'action: Gaspar
[2025-11-18 23:25:34] [FACE_STEP] Face: Gaspar (0.85), old_face Gaspar
[2025-11-18 23:25:34] [FACE_STEP] Visage CONNU détecté pendant l'action: Gaspar
[2025-11-18 23:25:34] [FACE_STEP] Face: Gaspar (0.71), old_face Gaspar
[2025-11-18 23:25:34] [FACE_STEP] Visage CONNU détecté pendant l'action: Gaspar
[2025-11-18 23:25:34] [FACE_STEP] Face: Gaspar (0.80), old_face Gaspar
[2025-11-18 23:25:34] [FACE_STEP] Visage CONNU détecté pendant l'action: Gaspar
[2025-11-18 23:25:43] [FSM] OK : DIALOG → WAIT_CAR
[2025-11-18 23:25:43] [FSM] 🎉 Scénario terminé ! On recommence...
[2025-11-18 23:25:43] ========== 🔁 Nouveau cycle du scénario ==========
[2025-11-18 23:25:43] [FSM] Lancement de l'étape 'WAIT_CAR' via action 'wait_car_step'
[2025-11-18 23:25:53] [FSM] OK : WAIT_CAR → QR
[2025-11-18 23:25:53] [FSM] Lancement de l'étape 'QR' via action 'qr_step'
[2025-11-18 23:25:55] [FSM] OK : QR → FACE
[2025-11-18 23:25:55] [FSM] Lancement de l'étape 'FACE' via action 'face_step'
[2025-11-18 23:25:55] [FACE_STEP] Étape démarrée, attente visage RECONNU...
[2025-11-18 23:26:00] [FACE_STEP] Face: UNKNOWN (0.99), old_face None
[2025-11-18 23:26:00] [FACE_STEP] Face: UNKNOWN (1.14), old_face None
[2025-11-18 23:26:00] [FACE_STEP] Face: UNKNOWN (1.17), old_face None
[2025-11-18 23:26:01] [FACE_STEP] Face: UNKNOWN (1.11), old_face None
[2025-11-18 23:26:01] [FACE_STEP] Face: UNKNOWN (1.07), old_face None
[2025-11-18 23:26:02] [FACE_STEP] Face: UNKNOWN (1.04), old_face None
[2025-11-18 23:26:02] [FACE_STEP] Face: UNKNOWN (1.08), old_face None
[2025-11-18 23:26:02] [FACE_STEP] Face: UNKNOWN (1.03), old_face None
[2025-11-18 23:26:02] [FACE_STEP] Face: UNKNOWN (1.21), old_face None
[2025-11-18 23:26:02] [FACE_STEP] Face: UNKNOWN (1.11), old_face None
[2025-11-18 23:26:03] [FACE_STEP] Face: Gaspar (0.81), old_face None
[2025-11-18 23:26:03] [FACE_STEP] LOG ENTRY envoyé pour Gaspar
[2025-11-18 23:26:03] [FACE_STEP] Face: Gaspar (0.80), old_face Gaspar
[2025-11-18 23:26:03] [FACE_STEP] Visage CONNU détecté pendant l'action: Gaspar
[2025-11-18 23:26:03] [FACE_STEP] Visage reconnu (Gaspar), étape OK
[2025-11-18 23:26:03] [FACE_STEP] Fin de l'exécution de l'action, reset des états internes
[2025-11-18 23:26:03] [FACE_STEP] Visage CONNU détecté pendant l'action: Gaspar
[2025-11-18 23:26:03] [FSM] OK : FACE → DIALOG
[2025-11-18 23:26:03] [FSM] Lancement de l'étape 'DIALOG' via action 'dialog_step'
[2025-11-18 23:26:03] [FACE_STEP] Face: Gaspar (0.81), old_face Gaspar
[2025-11-18 23:26:03] [FACE_STEP] Visage CONNU détecté pendant l'action: Gaspar
[2025-11-18 23:26:04] [FACE_STEP] Face: Gaspar (0.77), old_face Gaspar
[2025-11-18 23:26:04] [FACE_STEP] Visage CONNU détecté pendant l'action: Gaspar
[2025-11-18 23:26:04] [FACE_STEP] Face: Gaspar (0.80), old_face Gaspar
[2025-11-18 23:26:04] [FACE_STEP] Visage CONNU détecté pendant l'action: Gaspar
[2025-11-18 23:26:04] [FACE_STEP] Face: Gaspar (0.73), old_face Gaspar
[2025-11-18 23:26:04] [FACE_STEP] Visage CONNU détecté pendant l'action: Gaspar
[2025-11-18 23:26:13] [FSM] OK : DIALOG → WAIT_CAR
[2025-11-18 23:26:13] [FSM] 🎉 Scénario terminé ! On recommence...
[2025-11-18 23:26:13] ========== 🔁 Nouveau cycle du scénario ==========
[2025-11-18 23:26:13] [FSM] Lancement de l'étape 'WAIT_CAR' via action 'wait_car_step'
[2025-11-18 23:26:23] [FSM] OK : WAIT_CAR → QR
[2025-11-18 23:26:23] [FSM] Lancement de l'étape 'QR' via action 'qr_step'
[2025-11-18 23:26:25] [FSM] OK : QR → FACE
[2025-11-18 23:26:25] [FSM] Lancement de l'étape 'FACE' via action 'face_step'
[2025-11-18 23:26:25] [FACE_STEP] Étape démarrée, attente visage RECONNU...
[2025-11-18 23:26:32] [FACE_STEP] Face: UNKNOWN (1.19), old_face None
[2025-11-18 23:26:33] [FACE_STEP] Face: UNKNOWN (1.13), old_face None
[2025-11-18 23:26:33] [FACE_STEP] Face: UNKNOWN (1.15), old_face None
[2025-11-18 23:26:33] [FACE_STEP] Face: UNKNOWN (1.18), old_face None
[2025-11-18 23:26:33] [FACE_STEP] Face: UNKNOWN (1.14), old_face None
[2025-11-18 23:26:34] [FACE_STEP] Face: UNKNOWN (1.19), old_face None
[2025-11-18 23:26:34] [FACE_STEP] Face: UNKNOWN (1.18), old_face None
[2025-11-18 23:26:35] [FACE_STEP] Face: UNKNOWN (1.17), old_face None
[2025-11-18 23:26:36] [FACE_STEP] Face: UNKNOWN (0.98), old_face None
[2025-11-18 23:26:36] [FACE_STEP] Face: UNKNOWN (1.04), old_face None
[2025-11-18 23:26:37] [FACE_STEP] Face: UNKNOWN (0.93), old_face None
[2025-11-18 23:26:37] [FACE_STEP] Face: UNKNOWN (0.97), old_face None
[2025-11-18 23:26:37] [FACE_STEP] Face: UNKNOWN (0.98), old_face None
[2025-11-18 23:26:38] [FACE_STEP] Face: UNKNOWN (0.95), old_face None
[2025-11-18 23:26:38] [FACE_STEP] Face: UNKNOWN (0.94), old_face None
[2025-11-18 23:26:40] [FACE_STEP] Face: UNKNOWN (1.04), old_face None
[2025-11-18 23:26:40] [FACE_STEP] Face: UNKNOWN (1.03), old_face None
[2025-11-18 23:26:40] [FACE_STEP] Face: UNKNOWN (1.04), old_face None
[2025-11-18 23:26:41] [FACE_STEP] Face: UNKNOWN (0.98), old_face None
[2025-11-18 23:26:41] [FACE_STEP] Face: UNKNOWN (0.99), old_face None
[2025-11-18 23:26:43] [FACE_STEP] Face: UNKNOWN (1.00), old_face None
[2025-11-18 23:26:43] [FACE_STEP] Face: UNKNOWN (1.01), old_face None
[2025-11-18 23:26:43] [FACE_STEP] Face: UNKNOWN (0.95), old_face None
[2025-11-18 23:26:45] [FACE_STEP] Face: UNKNOWN (1.20), old_face None
[2025-11-18 23:26:50] [FACE_STEP] Face: UNKNOWN (1.09), old_face None
[2025-11-18 23:26:50] [FACE_STEP] Face: UNKNOWN (1.02), old_face None
[2025-11-18 23:26:50] [FACE_STEP] Face: UNKNOWN (1.14), old_face None
[2025-11-18 23:26:50] [FACE_STEP] Face: UNKNOWN (0.95), old_face None
[2025-11-18 23:26:51] [FACE_STEP] Face: Gaspar (0.87), old_face None
[2025-11-18 23:26:51] [FACE_STEP] LOG ENTRY envoyé pour Gaspar
[2025-11-18 23:26:51] [FACE_STEP] Visage CONNU détecté pendant l'action: Gaspar
[2025-11-18 23:26:51] [FACE_STEP] Visage reconnu (Gaspar), étape OK
[2025-11-18 23:26:51] [FACE_STEP] Fin de l'exécution de l'action, reset des états internes
[2025-11-18 23:26:51] [FSM] OK : FACE → DIALOG
[2025-11-18 23:26:51] [FSM] Lancement de l'étape 'DIALOG' via action 'dialog_step'
[2025-11-18 23:26:52] [FACE_STEP] Face: Gaspar (0.76), old_face Gaspar
[2025-11-18 23:26:52] [FACE_STEP] Visage CONNU détecté pendant l'action: Gaspar
[2025-11-18 23:26:52] [FACE_STEP] Face: Gaspar (0.79), old_face Gaspar
[2025-11-18 23:26:52] [FACE_STEP] Visage CONNU détecté pendant l'action: Gaspar
[2025-11-18 23:26:52] [FACE_STEP] Face: Gaspar (0.78), old_face Gaspar
[2025-11-18 23:26:52] [FACE_STEP] Visage CONNU détecté pendant l'action: Gaspar
[2025-11-18 23:26:52] [FACE_STEP] Face: Gaspar (0.78), old_face Gaspar
[2025-11-18 23:26:52] [FACE_STEP] Visage CONNU détecté pendant l'action: Gaspar
[2025-11-18 23:27:01] [FSM] OK : DIALOG → WAIT_CAR
[2025-11-18 23:27:01] [FSM] 🎉 Scénario terminé ! On recommence...
[2025-11-18 23:27:01] ========== 🔁 Nouveau cycle du scénario ==========
[2025-11-18 23:27:01] [FSM] Lancement de l'étape 'WAIT_CAR' via action 'wait_car_step'
[2025-11-18 23:27:11] [FSM] OK : WAIT_CAR → QR
[2025-11-18 23:27:11] [FSM] Lancement de l'étape 'QR' via action 'qr_step'
[2025-11-18 23:27:13] [FSM] OK : QR → FACE
[2025-11-18 23:27:13] [FSM] Lancement de l'étape 'FACE' via action 'face_step'
[2025-11-18 23:27:13] [FACE_STEP] Étape démarrée, attente visage RECONNU...
[2025-11-18 23:27:17] [FACE_STEP] Face: UNKNOWN (0.97), old_face None
[2025-11-18 23:27:31] [FACE_STEP] Face: UNKNOWN (1.12), old_face None
[2025-11-18 23:27:31] [FACE_STEP] Face: UNKNOWN (1.10), old_face None
[2025-11-18 23:27:31] [FACE_STEP] Face: UNKNOWN (1.07), old_face None
[2025-11-18 23:27:31] [FACE_STEP] Face: UNKNOWN (1.06), old_face None
[2025-11-18 23:27:32] [FACE_STEP] Face: UNKNOWN (1.09), old_face None
[2025-11-18 23:27:35] [FACE_STEP] Face: UNKNOWN (1.13), old_face None
[2025-11-18 23:27:35] [FACE_STEP] Face: UNKNOWN (1.10), old_face None
[2025-11-18 23:27:35] [FACE_STEP] Face: UNKNOWN (1.13), old_face None
[2025-11-18 23:27:35] [FACE_STEP] Face: UNKNOWN (1.12), old_face None
[2025-11-18 23:27:36] [FACE_STEP] Face: UNKNOWN (1.22), old_face None
[2025-11-18 23:27:40] [FACE_STEP] Face: UNKNOWN (1.10), old_face None
[2025-11-18 23:27:40] [FACE_STEP] Face: UNKNOWN (1.04), old_face None
[2025-11-18 23:27:40] [FACE_STEP] Face: UNKNOWN (1.08), old_face None
[2025-11-18 23:27:40] [FACE_STEP] Face: UNKNOWN (1.07), old_face None
[2025-11-18 23:27:41] [FACE_STEP] Face: UNKNOWN (1.09), old_face None
[2025-11-18 23:27:43] [FACE_STEP] Timeout : aucun visage RECONNU détecté
[2025-11-18 23:27:43] [FACE_STEP] Fin de l'exécution de l'action, reset des états internes
[2025-11-18 23:27:43] [FSM] OK : FACE → DIALOG
[2025-11-18 23:27:43] [FSM] Lancement de l'étape 'DIALOG' via action 'dialog_step'
[2025-11-18 23:27:44] [FACE_STEP] Face: UNKNOWN (1.15), old_face None
[2025-11-18 23:27:44] [FACE_STEP] Face: UNKNOWN (1.14), old_face None
[2025-11-18 23:27:44] [FACE_STEP] Face: UNKNOWN (1.13), old_face None
[2025-11-18 23:27:44] [FACE_STEP] Face: UNKNOWN (1.16), old_face None
[2025-11-18 23:27:44] [FACE_STEP] Face: UNKNOWN (1.02), old_face None
[2025-11-18 23:27:54] [FSM] OK : DIALOG → WAIT_CAR
[2025-11-18 23:27:54] [FSM] 🎉 Scénario terminé ! On recommence...
[2025-11-18 23:27:54] ========== 🔁 Nouveau cycle du scénario ==========
[2025-11-18 23:27:54] [FSM] Lancement de l'étape 'WAIT_CAR' via action 'wait_car_step'
[2025-11-18 23:28:04] [FSM] OK : WAIT_CAR → QR
[2025-11-18 23:28:04] [FSM] Lancement de l'étape 'QR' via action 'qr_step'
[2025-11-18 23:28:06] [FSM] OK : QR → FACE
[2025-11-18 23:28:06] [FSM] Lancement de l'étape 'FACE' via action 'face_step'
[2025-11-18 23:28:06] [FACE_STEP] Étape démarrée, attente visage RECONNU...
[2025-11-18 23:28:22] [FACE_STEP] Face: UNKNOWN (1.11), old_face None
[2025-11-18 23:28:22] [FACE_STEP] Face: UNKNOWN (1.03), old_face None
[2025-11-18 23:28:22] [FACE_STEP] Face: UNKNOWN (1.21), old_face None
[2025-11-18 23:28:22] [FACE_STEP] Face: UNKNOWN (1.08), old_face None
[2025-11-18 23:28:23] [FACE_STEP] Face: UNKNOWN (1.25), old_face None
[2025-11-18 23:28:24] [FACE_STEP] Face: UNKNOWN (1.21), old_face None
[2025-11-18 23:28:24] [FACE_STEP] Face: UNKNOWN (1.19), old_face None
[2025-11-18 23:28:24] [FACE_STEP] Face: UNKNOWN (1.26), old_face None
[2025-11-18 23:28:24] [FACE_STEP] Face: UNKNOWN (1.10), old_face None
[2025-11-18 23:28:25] [FACE_STEP] Face: UNKNOWN (1.10), old_face None
[2025-11-18 23:28:36] [FACE_STEP] Timeout : aucun visage RECONNU détecté
[2025-11-18 23:28:36] [FACE_STEP] Fin de l'exécution de l'action, reset des états internes
[2025-11-18 23:28:36] [FSM] OK : FACE → DIALOG
[2025-11-18 23:28:36] [FSM] Lancement de l'étape 'DIALOG' via action 'dialog_step'
[2025-11-18 23:28:46] [FSM] OK : DIALOG → WAIT_CAR
[2025-11-18 23:28:46] [FSM] 🎉 Scénario terminé ! On recommence...
[2025-11-18 23:28:46] ========== 🔁 Nouveau cycle du scénario ==========
[2025-11-18 23:28:46] [FSM] Lancement de l'étape 'WAIT_CAR' via action 'wait_car_step'
[2025-11-18 23:28:56] [FSM] OK : WAIT_CAR → QR
[2025-11-18 23:28:56] [FSM] Lancement de l'étape 'QR' via action 'qr_step'
[2025-11-18 23:28:58] [FSM] OK : QR → FACE
[2025-11-18 23:28:58] [FSM] Lancement de l'étape 'FACE' via action 'face_step'
[2025-11-18 23:28:58] [FACE_STEP] Étape démarrée, attente visage RECONNU...
[2025-11-18 23:29:08] [FACE_STEP] Face: UNKNOWN (1.07), old_face None
[2025-11-18 23:29:08] [FACE_STEP] Face: UNKNOWN (1.08), old_face None
[2025-11-18 23:29:08] [FACE_STEP] Face: UNKNOWN (1.00), old_face None
[2025-11-18 23:29:09] [FACE_STEP] Face: UNKNOWN (1.04), old_face None
[2025-11-18 23:29:10] [FACE_STEP] Face: UNKNOWN (1.15), old_face None
[2025-11-18 23:29:12] [FACE_STEP] Face: UNKNOWN (1.18), old_face None
[2025-11-18 23:29:13] [FACE_STEP] Face: UNKNOWN (1.20), old_face None
[2025-11-18 23:29:13] [FACE_STEP] Face: UNKNOWN (1.18), old_face None
[2025-11-18 23:29:13] [FACE_STEP] Face: UNKNOWN (1.13), old_face None
[2025-11-18 23:29:14] [FACE_STEP] Face: UNKNOWN (1.13), old_face None
[2025-11-18 23:29:28] [FACE_STEP] Face: UNKNOWN (1.13), old_face None
[2025-11-18 23:29:28] [FACE_STEP] Timeout : aucun visage RECONNU détecté
[2025-11-18 23:29:28] [FACE_STEP] Fin de l'exécution de l'action, reset des états internes
[2025-11-18 23:29:28] [FSM] OK : FACE → DIALOG
[2025-11-18 23:29:28] [FSM] Lancement de l'étape 'DIALOG' via action 'dialog_step'
[2025-11-18 23:29:28] [FACE_STEP] Face: UNKNOWN (1.18), old_face None
[2025-11-18 23:29:28] [FACE_STEP] Face: UNKNOWN (1.05), old_face None
[2025-11-18 23:29:38] [FSM] OK : DIALOG → WAIT_CAR
[2025-11-18 23:29:38] [FSM] 🎉 Scénario terminé ! On recommence...
[2025-11-18 23:29:38] ========== 🔁 Nouveau cycle du scénario ==========
[2025-11-18 23:29:38] [FSM] Lancement de l'étape 'WAIT_CAR' via action 'wait_car_step'
[2025-11-18 23:29:48] [FSM] OK : WAIT_CAR → QR
[2025-11-18 23:29:48] [FSM] Lancement de l'étape 'QR' via action 'qr_step'
[2025-11-18 23:30:31] [FSM] Start at state: WAIT_CAR
[2025-11-18 23:30:31] ========== 🔁 Nouveau cycle du scénario ==========
[2025-11-18 23:30:31] [FSM] Lancement de l'étape 'WAIT_CAR' via action 'wait_car_step'
[2025-11-18 23:30:31] [WAIT_CAR] Step server ready, subscribed to /car_arrived_to_fall
[2025-11-18 23:30:31] [WAIT_CAR] Étape démarrée : attente d'une voiture...
[2025-11-18 23:30:31] [WAIT_CAR] Fin d'exécution, états internes réinitialisés
[2025-11-18 23:30:31] [FSM] ÉCHEC dans l'étape : WAIT_CAR, arrêt.
[2025-11-18 23:30:35] [FACE_STEP] Device: cuda:0
[2025-11-18 23:30:35] [FACE_STEP] Loading embeddings from: /home/jetson/ros2_ws/install/ai_pkg/share/ai_pkg/models/embeddings.npy
[2025-11-18 23:30:35] [FACE_STEP] Loading names from: /home/jetson/ros2_ws/install/ai_pkg/share/ai_pkg/models/names.npy
[2025-11-18 23:30:35] [FACE_STEP] Database loaded: 26 identities
[2025-11-18 23:30:37] [FACE_STEP] FaceStepServer started! Subscribed to /image_raw/compressed
[2025-11-18 22:09:17] [FSM] Start at state: WAIT_CAR
[2025-11-18 22:09:17] ========== 🔁 Nouveau cycle du scénario ==========
[2025-11-18 22:09:17] [FSM] Lancement de l'étape 'WAIT_CAR' via action 'wait_car_step'
[2025-11-18 22:09:17] [WAIT_CAR] Step server ready, subscribed to /car_arrived_to_fall
[2025-11-18 22:09:17] [WAIT_CAR] Étape démarrée : attente d'une voiture...
[2025-11-18 22:09:17] [WAIT_CAR] Fin d'exécution, états internes réinitialisés
[2025-11-18 22:09:17] [FSM] ÉCHEC dans l'étape : WAIT_CAR, arrêt.
[2025-11-18 22:09:32] [FACE_STEP] Device: cuda:0
[2025-11-18 22:09:32] [FACE_STEP] Loading embeddings from: /home/jetson/ros2_ws/install/ai_pkg/share/ai_pkg/models/embeddings.npy
[2025-11-18 22:09:32] [FACE_STEP] Loading names from: /home/jetson/ros2_ws/install/ai_pkg/share/ai_pkg/models/names.npy
[2025-11-18 22:09:32] [FACE_STEP] Database loaded: 26 identities
[2025-11-18 22:09:37] [FACE_STEP] FaceStepServer started! Subscribed to /image_raw/compressed
[2025-11-18 22:16:34] [FSM] Start at state: WAIT_CAR
[2025-11-18 22:16:34] ========== 🔁 Nouveau cycle du scénario ==========
[2025-11-18 22:16:34] [FSM] Lancement de l'étape 'WAIT_CAR' via action 'wait_car_step'
[2025-11-18 22:16:34] [WAIT_CAR] Step server ready, subscribed to /car_arrived_to_fall
[2025-11-18 22:16:35] [WAIT_CAR] Étape démarrée : attente d'une voiture...
[2025-11-18 22:16:35] [WAIT_CAR] Fin d'exécution, états internes réinitialisés
[2025-11-18 22:16:35] [FSM] ÉCHEC dans l'étape : WAIT_CAR, arrêt.
[2025-11-18 22:16:46] [FACE_STEP] Device: cuda:0
[2025-11-18 22:16:46] [FACE_STEP] Loading embeddings from: /home/jetson/ros2_ws/install/ai_pkg/share/ai_pkg/models/embeddings.npy
[2025-11-18 22:16:46] [FACE_STEP] Loading names from: /home/jetson/ros2_ws/install/ai_pkg/share/ai_pkg/models/names.npy
[2025-11-18 22:16:46] [FACE_STEP] Database loaded: 26 identities
[2025-11-18 22:16:50] [FACE_STEP] FaceStepServer started! Subscribed to /image_raw/compressed
[2025-11-18 22:17:52] [FSM] Start at state: WAIT_CAR
[2025-11-18 22:17:52] ========== 🔁 Nouveau cycle du scénario ==========
[2025-11-18 22:17:52] [FSM] Lancement de l'étape 'WAIT_CAR' via action 'wait_car_step'
[2025-11-18 22:17:52] [WAIT_CAR] Step server ready, subscribed to /car_arrived_to_fall
[2025-11-18 22:17:53] [WAIT_CAR] Étape démarrée : attente d'une voiture...
[2025-11-18 22:17:53] [WAIT_CAR] Fin d'exécution, états internes réinitialisés
[2025-11-18 22:17:53] [FSM] ÉCHEC dans l'étape : WAIT_CAR, arrêt.
[2025-11-18 22:17:57] [FACE_STEP] Device: cuda:0
[2025-11-18 22:17:57] [FACE_STEP] Loading embeddings from: /home/jetson/ros2_ws/install/ai_pkg/share/ai_pkg/models/embeddings.npy
[2025-11-18 22:17:57] [FACE_STEP] Loading names from: /home/jetson/ros2_ws/install/ai_pkg/share/ai_pkg/models/names.npy
[2025-11-18 22:17:57] [FACE_STEP] Database loaded: 26 identities
[2025-11-18 22:17:59] [FACE_STEP] FaceStepServer started! Subscribed to /image_raw/compressed
[2025-11-18 22:19:52] [WAIT_CAR] Step server ready, subscribed to /car_arrived_to_fall
[2025-11-18 22:19:52] [FSM] Start at state: WAIT_CAR
[2025-11-18 22:19:52] ========== 🔁 Nouveau cycle du scénario ==========
[2025-11-18 22:19:52] [FSM] Lancement de l'étape 'WAIT_CAR' via action 'wait_car_step'
[2025-11-18 22:19:52] [WAIT_CAR] Étape démarrée : attente d'une voiture...
[2025-11-18 22:19:52] [WAIT_CAR] Fin d'exécution, états internes réinitialisés
[2025-11-18 22:19:52] [FSM] ÉCHEC dans l'étape : WAIT_CAR, arrêt.
[2025-11-18 22:19:58] [FACE_STEP] Device: cuda:0
[2025-11-18 22:19:58] [FACE_STEP] Loading embeddings from: /home/jetson/ros2_ws/install/ai_pkg/share/ai_pkg/models/embeddings.npy
[2025-11-18 22:19:58] [FACE_STEP] Loading names from: /home/jetson/ros2_ws/install/ai_pkg/share/ai_pkg/models/names.npy
[2025-11-18 22:19:58] [FACE_STEP] Database loaded: 26 identities
[2025-11-18 22:19:59] [FACE_STEP] FaceStepServer started! Subscribed to /image_raw/compressed
[2025-11-18 22:49:27] [FSM] Start at state: WAIT_CAR
[2025-11-18 22:49:29] [FSM] QR activé | (wait_car=False, qr=True, face=False, dialog=False)
[2025-11-18 22:56:41] [FSM] Start at state: WAIT_CAR
[2025-11-18 22:56:43] [FSM] QR activé | (wait_car=False, qr=True, face=False, dialog=False)
[2025-11-18 22:56:43] [QR] Démarrage du travail (simulation scan QR)
[2025-11-18 22:56:45] [QR] Travail terminé → qr_active = False
[2025-11-18 22:56:47] [FSM] FACE activé | (wait_car=False, qr=False, face=True, dialog=False)
[2025-11-18 22:56:47] [FACE] Démarrage du travail (simulation reconnaissance faciale)
[2025-11-18 22:56:51] [FACE] Travail terminé → face_active = False
[2025-11-18 22:56:53] [FSM] DIALOG activé | (wait_car=False, qr=False, face=False, dialog=True)
[2025-11-18 22:56:53] [DIALOG] Démarrage du travail (simulation dialogue)
[2025-11-18 22:56:56] [DIALOG] Travail terminé → dialog_active = False
[2025-11-18 22:56:57] [FSM] WAIT_CAR activé | (wait_car=True, qr=False, face=False, dialog=False)
[2025-11-18 22:56:57] [WAIT_CAR] Démarrage du travail (simulation)
[2025-11-18 22:57:00] [WAIT_CAR] Travail terminé → wait_car_active = False
[2025-11-18 22:57:01] [FSM] QR activé | (wait_car=False, qr=True, face=False, dialog=False)
[2025-11-18 22:57:01] [QR] Démarrage du travail (simulation scan QR)
[2025-11-18 22:57:03] [QR] Travail terminé → qr_active = False
[2025-11-18 22:57:05] [FSM] FACE activé | (wait_car=False, qr=False, face=True, dialog=False)
[2025-11-18 22:57:05] [FACE] Démarrage du travail (simulation reconnaissance faciale)
[2025-11-18 22:57:09] [FACE] Travail terminé → face_active = False
[2025-11-18 22:57:11] [FSM] DIALOG activé | (wait_car=False, qr=False, face=False, dialog=True)
[2025-11-18 22:57:11] [DIALOG] Démarrage du travail (simulation dialogue)
[2025-11-18 22:57:14] [DIALOG] Travail terminé → dialog_active = False
[2025-11-18 22:57:15] [FSM] WAIT_CAR activé | (wait_car=True, qr=False, face=False, dialog=False)
[2025-11-18 22:57:15] [WAIT_CAR] Démarrage du travail (simulation)
[2025-11-18 22:57:18] [WAIT_CAR] Travail terminé → wait_car_active = False
[2025-11-18 22:57:19] [FSM] QR activé | (wait_car=False, qr=True, face=False, dialog=False)
[2025-11-18 22:57:19] [QR] Démarrage du travail (simulation scan QR)
[2025-11-18 22:57:21] [QR] Travail terminé → qr_active = False
[2025-11-18 22:57:23] [FSM] FACE activé | (wait_car=False, qr=False, face=True, dialog=False)
[2025-11-18 22:57:23] [FACE] Démarrage du travail (simulation reconnaissance faciale)
[2025-11-18 22:57:27] [FACE] Travail terminé → face_active = False
[2025-11-18 22:57:29] [FSM] DIALOG activé | (wait_car=False, qr=False, face=False, dialog=True)
[2025-11-18 22:57:29] [DIALOG] Démarrage du travail (simulation dialogue)
[2025-11-18 22:57:32] [DIALOG] Travail terminé → dialog_active = False
[2025-11-18 22:57:33] [FSM] WAIT_CAR activé | (wait_car=True, qr=False, face=False, dialog=False)
[2025-11-18 22:57:33] [WAIT_CAR] Démarrage du travail (simulation)
[2025-11-18 22:57:36] [WAIT_CAR] Travail terminé → wait_car_active = False
[2025-11-18 22:57:37] [FSM] QR activé | (wait_car=False, qr=True, face=False, dialog=False)
[2025-11-18 22:57:37] [QR] Démarrage du travail (simulation scan QR)
[2025-11-18 22:57:39] [QR] Travail terminé → qr_active = False
[2025-11-18 22:57:41] [FSM] FACE activé | (wait_car=False, qr=False, face=True, dialog=False)
[2025-11-18 22:57:41] [FACE] Démarrage du travail (simulation reconnaissance faciale)
[2025-11-18 22:57:45] [FACE] Travail terminé → face_active = False
[2025-11-18 22:57:47] [FSM] DIALOG activé | (wait_car=False, qr=False, face=False, dialog=True)
[2025-11-18 22:57:47] [DIALOG] Démarrage du travail (simulation dialogue)
[2025-11-18 22:57:50] [DIALOG] Travail terminé → dialog_active = False
[2025-11-18 22:57:51] [FSM] WAIT_CAR activé | (wait_car=True, qr=False, face=False, dialog=False)
[2025-11-18 22:57:51] [WAIT_CAR] Démarrage du travail (simulation)
[2025-11-18 22:57:54] [WAIT_CAR] Travail terminé → wait_car_active = False
[2025-11-18 22:57:55] [FSM] QR activé | (wait_car=False, qr=True, face=False, dialog=False)
[2025-11-18 22:57:55] [QR] Démarrage du travail (simulation scan QR)
[2025-11-18 22:57:57] [QR] Travail terminé → qr_active = False
[2025-11-18 22:57:59] [FSM] FACE activé | (wait_car=False, qr=False, face=True, dialog=False)
[2025-11-18 22:57:59] [FACE] Démarrage du travail (simulation reconnaissance faciale)
[2025-11-18 22:58:03] [FACE] Travail terminé → face_active = False
[2025-11-18 22:58:05] [FSM] DIALOG activé | (wait_car=False, qr=False, face=False, dialog=True)
[2025-11-18 22:58:05] [DIALOG] Démarrage du travail (simulation dialogue)
[2025-11-18 22:58:08] [DIALOG] Travail terminé → dialog_active = False
[2025-11-18 22:58:09] [FSM] WAIT_CAR activé | (wait_car=True, qr=False, face=False, dialog=False)
[2025-11-18 22:58:09] [WAIT_CAR] Démarrage du travail (simulation)
[2025-11-18 22:58:12] [WAIT_CAR] Travail terminé → wait_car_active = False
[2025-11-18 22:58:13] [FSM] QR activé | (wait_car=False, qr=True, face=False, dialog=False)
[2025-11-18 22:58:13] [QR] Démarrage du travail (simulation scan QR)
[2025-11-18 22:58:15] [QR] Travail terminé → qr_active = False
[2025-11-18 23:02:06] [FSM] Start at state: WAIT_CAR
[2025-11-18 23:02:06] [FSM] WAIT_CAR activé | (wait_car=True, qr=False, face=False, dialog=False)
[2025-11-18 23:02:09] [WAIT_CAR] Démarrage du travail (simulation)
[2025-11-18 23:02:12] [WAIT_CAR] Travail terminé → wait_car_active = False
[2025-11-18 23:02:12] [FSM] QR activé | (wait_car=False, qr=True, face=False, dialog=False)
[2025-11-18 23:02:12] [QR] Démarrage du travail (simulation scan QR)
[2025-11-18 23:02:14] [QR] Travail terminé → qr_active = False
[2025-11-18 23:02:16] [FSM] FACE activé | (wait_car=False, qr=False, face=True, dialog=False)
[2025-11-18 23:02:20] [FACE] Activation par la FSM (sf.face_active = True)
[2025-11-18 23:07:02] [FSM] Start at state: WAIT_CAR
[2025-11-18 23:07:02] [FSM] WAIT_CAR activé | (wait_car=True, qr=False, face=False, dialog=False)
[2025-11-18 23:07:02] [FACE] Device: cuda:0
[2025-11-18 23:07:02] [FACE] Loading embeddings from: /home/jetson/ros2_ws/install/ai_pkg/share/ai_pkg/models/embeddings.npy
[2025-11-18 23:07:02] [FACE] Loading names from: /home/jetson/ros2_ws/install/ai_pkg/share/ai_pkg/models/names.npy
[2025-11-18 23:07:02] [FACE] Database loaded: 26 identities
[2025-11-18 23:07:03] [FACE] FaceNode started! Subscribed to /image_raw/compressed
[2025-11-18 23:07:03] [WAIT_CAR] Démarrage du travail (simulation)
[2025-11-18 23:07:06] [WAIT_CAR] Travail terminé → wait_car_active = False
[2025-11-18 23:07:08] [FSM] QR activé | (wait_car=False, qr=True, face=False, dialog=False)
[2025-11-18 23:07:08] [QR] Démarrage du travail (simulation scan QR)
[2025-11-18 23:07:10] [QR] Travail terminé → qr_active = False
[2025-11-18 23:07:12] [FSM] FACE activé | (wait_car=False, qr=False, face=True, dialog=False)
[2025-11-18 23:07:12] [FACE] Activation par la FSM (sf.face_active = True)
[2025-11-18 23:08:42] [FACE] Face: UNKNOWN (1.15), old_face None
[2025-11-18 23:08:43] [FACE] Face: UNKNOWN (1.13), old_face None
[2025-11-18 23:08:43] [FACE] Face: UNKNOWN (1.02), old_face None
[2025-11-18 23:08:43] [FACE] Face: UNKNOWN (1.08), old_face None
[2025-11-18 23:08:44] [FACE] Face: UNKNOWN (1.08), old_face None
[2025-11-18 23:08:44] [FACE] Face: UNKNOWN (1.02), old_face None
[2025-11-18 23:08:44] [FACE] Face: UNKNOWN (1.06), old_face None
[2025-11-18 23:08:45] [FACE] Face: UNKNOWN (1.11), old_face None
[2025-11-18 23:08:45] [FACE] Face: UNKNOWN (1.21), old_face None
[2025-11-18 23:08:45] [FACE] Face: UNKNOWN (1.02), old_face None
[2025-11-18 23:08:45] [FACE] Face: UNKNOWN (1.19), old_face None
[2025-11-18 23:08:45] [FACE] Face: UNKNOWN (1.29), old_face None
[2025-11-18 23:08:46] [FACE] Face: UNKNOWN (1.19), old_face None
[2025-11-18 23:08:46] [FACE] Face: UNKNOWN (1.19), old_face None
[2025-11-18 23:08:46] [FACE] Face: UNKNOWN (1.14), old_face None
[2025-11-18 23:08:46] [FACE] Face: UNKNOWN (1.22), old_face None
[2025-11-18 23:08:47] [FACE] Face: UNKNOWN (1.01), old_face None
[2025-11-18 23:08:47] [FACE] Face: UNKNOWN (1.12), old_face None
[2025-11-18 23:08:47] [FACE] Face: UNKNOWN (1.11), old_face None
[2025-11-18 23:08:47] [FACE] Face: UNKNOWN (1.20), old_face None
[2025-11-18 23:10:37] [FSM] Start at state: WAIT_CAR
[2025-11-18 23:10:37] [FSM] WAIT_CAR activé | (wait_car=True, qr=False, face=False, dialog=False)
[2025-11-18 23:10:38] [FACE] Device: cuda:0
[2025-11-18 23:10:38] [FACE] Loading embeddings from: /home/jetson/ros2_ws/install/ai_pkg/share/ai_pkg/models/embeddings.npy
[2025-11-18 23:10:38] [FACE] Loading names from: /home/jetson/ros2_ws/install/ai_pkg/share/ai_pkg/models/names.npy
[2025-11-18 23:10:38] [FACE] Database loaded: 26 identities
[2025-11-18 23:10:40] [FACE] FaceNode started! Subscribed to /image_raw/compressed
[2025-11-18 23:10:40] [WAIT_CAR] Démarrage du travail (simulation)
[2025-11-18 23:10:43] [WAIT_CAR] Travail terminé → wait_car_active = False
[2025-11-18 23:10:43] [FSM] QR activé | (wait_car=False, qr=True, face=False, dialog=False)
[2025-11-18 23:10:44] [QR] Démarrage du travail (simulation scan QR)
[2025-11-18 23:10:46] [QR] Travail terminé → qr_active = False
[2025-11-18 23:10:47] [FSM] FACE activé | (wait_car=False, qr=False, face=True, dialog=False)
[2025-11-18 23:10:49] [FACE] Activation par la FSM (sf.face_active = True)
[2025-11-18 23:11:03] [FACE] Face: UNKNOWN (0.97), old_face None
[2025-11-18 23:11:04] [FACE] Face: UNKNOWN (1.34), old_face None
[2025-11-18 23:11:04] [FACE] Face: UNKNOWN (1.28), old_face None
[2025-11-18 23:11:04] [FACE] Face: UNKNOWN (1.27), old_face None
[2025-11-18 23:11:05] [FACE] Face: UNKNOWN (1.20), old_face None
[2025-11-18 23:11:05] [FACE] Face: UNKNOWN (1.26), old_face None
[2025-11-18 23:11:05] [FACE] Face: UNKNOWN (1.19), old_face None
[2025-11-18 23:11:06] [FACE] Face: UNKNOWN (1.17), old_face None
[2025-11-18 23:11:06] [FACE] Face: UNKNOWN (1.20), old_face None
[2025-11-18 23:11:06] [FACE] Face: UNKNOWN (1.12), old_face None
[2025-11-18 23:11:07] [FACE] Face: UNKNOWN (1.26), old_face None
[2025-11-18 23:11:07] [FACE] Face: UNKNOWN (1.23), old_face None
[2025-11-18 23:11:08] [FACE] Face: UNKNOWN (1.26), old_face None
[2025-11-18 23:11:08] [FACE] Face: UNKNOWN (1.22), old_face None
[2025-11-18 23:11:08] [FACE] Face: UNKNOWN (1.12), old_face None
[2025-11-18 23:11:09] [FACE] Face: UNKNOWN (1.11), old_face None
[2025-11-18 23:11:09] [FACE] Face: UNKNOWN (1.01), old_face None
[2025-11-18 23:11:09] [FACE] Face: UNKNOWN (1.34), old_face None
[2025-11-18 23:11:09] [FACE] Face: UNKNOWN (1.28), old_face None
[2025-11-18 23:11:10] [FACE] Face: UNKNOWN (1.28), old_face None
[2025-11-18 23:11:10] [FACE] Face: UNKNOWN (1.10), old_face None
[2025-11-18 23:11:15] [FACE] Face: UNKNOWN (1.05), old_face None
[2025-11-18 23:11:15] [FACE] Face: UNKNOWN (0.99), old_face None
[2025-11-18 23:11:16] [FACE] Face: UNKNOWN (1.13), old_face None
[2025-11-18 23:11:16] [FACE] Face: UNKNOWN (1.09), old_face None
[2025-11-18 23:11:16] [FACE] Face: UNKNOWN (1.01), old_face None
[2025-11-18 23:11:16] [FACE] Face: UNKNOWN (1.12), old_face None
[2025-11-18 23:11:17] [FACE] Face: UNKNOWN (1.04), old_face None
[2025-11-18 23:11:17] [FACE] Face: UNKNOWN (1.01), old_face None
[2025-11-18 23:11:17] [FACE] Face: UNKNOWN (1.03), old_face None
[2025-11-18 23:11:17] [FACE] Face: UNKNOWN (1.03), old_face None
[2025-11-18 23:11:18] [FACE] Face: UNKNOWN (1.11), old_face None
[2025-11-18 23:11:18] [FACE] Face: UNKNOWN (1.09), old_face None
[2025-11-18 23:11:18] [FACE] Face: UNKNOWN (1.00), old_face None
[2025-11-18 23:11:19] [FACE] Face: UNKNOWN (1.08), old_face None
[2025-11-18 23:11:19] [FACE] Face: UNKNOWN (1.05), old_face None
[2025-11-18 23:11:19] [FACE] Face: UNKNOWN (1.07), old_face None
[2025-11-18 23:11:19] [FACE] Face: UNKNOWN (0.97), old_face None
[2025-11-18 23:11:20] [FACE] Face: UNKNOWN (1.09), old_face None
[2025-11-18 23:11:20] [FACE] Face: UNKNOWN (1.02), old_face None
[2025-11-18 23:11:20] [FACE] Face: UNKNOWN (0.94), old_face None
[2025-11-18 23:11:20] [FACE] Face: UNKNOWN (1.06), old_face None
[2025-11-18 23:11:21] [FACE] Face: UNKNOWN (0.97), old_face None
[2025-11-18 23:11:21] [FACE] Face: UNKNOWN (1.01), old_face None
[2025-11-18 23:11:21] [FACE] Face: UNKNOWN (1.05), old_face None
[2025-11-18 23:11:21] [FACE] Face: UNKNOWN (1.03), old_face None
[2025-11-18 23:11:22] [FACE] Face: Gaspar (0.80), old_face None
[2025-11-18 23:11:22] [FACE] LOG ENTRY envoyé pour Gaspar
[2025-11-18 23:11:22] [FACE] Visage connu détecté, fin de l'étape FACE → sf.face_active = False
[2025-11-18 23:11:22] [FACE] Désactivation par la FSM (sf.face_active = False)
[2025-11-18 23:11:23] [FSM] DIALOG activé | (wait_car=False, qr=False, face=False, dialog=True)
[2025-11-18 23:11:24] [DIALOG] Démarrage du travail (simulation dialogue)
[2025-11-18 23:11:27] [DIALOG] Travail terminé → dialog_active = False
[2025-11-18 23:11:27] [FSM] WAIT_CAR activé | (wait_car=True, qr=False, face=False, dialog=False)
[2025-11-18 23:11:28] [WAIT_CAR] Démarrage du travail (simulation)
[2025-11-18 23:11:31] [WAIT_CAR] Travail terminé → wait_car_active = False
[2025-11-18 23:11:31] [FSM] QR activé | (wait_car=False, qr=True, face=False, dialog=False)
[2025-11-18 23:11:32] [QR] Démarrage du travail (simulation scan QR)
[2025-11-18 23:11:34] [QR] Travail terminé → qr_active = False
[2025-11-18 23:11:35] [FSM] FACE activé | (wait_car=False, qr=False, face=True, dialog=False)
[2025-11-18 23:11:36] [FACE] Activation par la FSM (sf.face_active = True)
[2025-11-18 23:13:03] [FACE] Face: UNKNOWN (1.00), old_face Gaspar
[2025-11-18 23:14:40] [FACE] Face: UNKNOWN (1.22), old_face Gaspar
[2025-11-18 23:15:12] [FSM] Start at state: WAIT_CAR
[2025-11-18 23:15:12] [FSM] WAIT_CAR activé | (wait_car=True, qr=False, face=False, dialog=False)
[2025-11-18 23:15:12] [WAIT_CAR] Node initialisé, en attente d'activation FSM.
[2025-11-18 23:15:13] [FACE] Device: cuda:0
[2025-11-18 23:15:13] [FACE] Loading embeddings from: /home/jetson/ros2_ws/install/ai_pkg/share/ai_pkg/models/embeddings.npy
[2025-11-18 23:15:13] [FACE] Loading names from: /home/jetson/ros2_ws/install/ai_pkg/share/ai_pkg/models/names.npy
[2025-11-18 23:15:13] [FACE] Database loaded: 26 identities
[2025-11-18 23:15:15] [FACE] FaceNode started! Subscribed to /image_raw/compressed
[2025-11-18 23:15:15] [WAIT_CAR] Activation par la FSM → attente du signal /car_arrived_to_fall
[2025-11-18 23:15:52] [WAIT_CAR] Signal reçu : car_arrived_to_fall = TRUE
[2025-11-18 23:15:52] [WAIT_CAR] Voiture détectée -> Fin d'étape WAIT_CAR → wait_car_active = False
[2025-11-18 23:15:52] [FSM] QR activé | (wait_car=False, qr=True, face=False, dialog=False)
[2025-11-18 23:15:52] [QR] Démarrage du travail (simulation scan QR)
[2025-11-18 23:15:53] [WAIT_CAR] Signal reçu : car_arrived_to_fall = TRUE
[2025-11-18 23:15:54] [WAIT_CAR] Signal reçu : car_arrived_to_fall = TRUE
[2025-11-18 23:15:54] [QR] Travail terminé → qr_active = False
[2025-11-18 23:15:55] [WAIT_CAR] Signal reçu : car_arrived_to_fall = TRUE
[2025-11-18 23:15:56] [WAIT_CAR] Signal reçu : car_arrived_to_fall = TRUE
[2025-11-18 23:15:56] [FSM] FACE activé | (wait_car=False, qr=False, face=True, dialog=False)
[2025-11-18 23:15:56] [FACE] Activation par la FSM (sf.face_active = True)
[2025-11-18 23:15:57] [WAIT_CAR] Signal reçu : car_arrived_to_fall = TRUE
[2025-11-18 23:15:58] [WAIT_CAR] Signal reçu : car_arrived_to_fall = TRUE
[2025-11-18 23:15:59] [WAIT_CAR] Signal reçu : car_arrived_to_fall = TRUE
[2025-11-18 23:16:00] [WAIT_CAR] Signal reçu : car_arrived_to_fall = TRUE
[2025-11-18 23:16:01] [WAIT_CAR] Signal reçu : car_arrived_to_fall = TRUE
[2025-11-18 23:16:02] [WAIT_CAR] Signal reçu : car_arrived_to_fall = TRUE
[2025-11-18 23:16:03] [WAIT_CAR] Signal reçu : car_arrived_to_fall = TRUE
[2025-11-18 23:16:04] [WAIT_CAR] Signal reçu : car_arrived_to_fall = TRUE
[2025-11-18 23:16:05] [WAIT_CAR] Signal reçu : car_arrived_to_fall = TRUE
[2025-11-18 23:16:06] [WAIT_CAR] Signal reçu : car_arrived_to_fall = TRUE
[2025-11-18 23:16:07] [WAIT_CAR] Signal reçu : car_arrived_to_fall = TRUE
[2025-11-18 23:16:08] [WAIT_CAR] Signal reçu : car_arrived_to_fall = TRUE
[2025-11-18 23:16:09] [WAIT_CAR] Signal reçu : car_arrived_to_fall = TRUE
[2025-11-18 23:16:10] [WAIT_CAR] Signal reçu : car_arrived_to_fall = TRUE
[2025-11-18 23:16:11] [WAIT_CAR] Signal reçu : car_arrived_to_fall = TRUE
[2025-11-18 23:16:12] [WAIT_CAR] Signal reçu : car_arrived_to_fall = TRUE
[2025-11-18 23:16:13] [WAIT_CAR] Signal reçu : car_arrived_to_fall = TRUE
[2025-11-18 23:16:14] [WAIT_CAR] Signal reçu : car_arrived_to_fall = TRUE
[2025-11-18 23:16:15] [WAIT_CAR] Signal reçu : car_arrived_to_fall = TRUE
[2025-11-18 23:16:16] [WAIT_CAR] Signal reçu : car_arrived_to_fall = TRUE
[2025-11-18 23:16:17] [WAIT_CAR] Signal reçu : car_arrived_to_fall = TRUE
[2025-11-18 23:16:49] [WAIT_CAR] Signal reçu : car_arrived_to_fall = TRUE
[2025-11-18 23:16:50] [WAIT_CAR] Signal reçu : car_arrived_to_fall = TRUE
[2025-11-18 23:16:51] [WAIT_CAR] Signal reçu : car_arrived_to_fall = TRUE
[2025-11-18 23:17:02] [WAIT_CAR] Signal reçu : car_arrived_to_fall = TRUE
[2025-11-18 23:17:07] [WAIT_CAR] Signal reçu : car_arrived_to_fall = TRUE
[2025-11-18 23:17:44] [FSM] Start at state: WAIT_CAR
[2025-11-18 23:17:44] [FSM] WAIT_CAR activé | (wait_car=True, qr=False, face=False, dialog=False)
[2025-11-18 23:17:44] [WAIT_CAR] Node initialisé, en attente d'activation FSM.
[2025-11-18 23:17:44] [FACE] Device: cuda:0
[2025-11-18 23:17:44] [FACE] Loading embeddings from: /home/jetson/ros2_ws/install/ai_pkg/share/ai_pkg/models/embeddings.npy
[2025-11-18 23:17:44] [FACE] Loading names from: /home/jetson/ros2_ws/install/ai_pkg/share/ai_pkg/models/names.npy
[2025-11-18 23:17:44] [FACE] Database loaded: 26 identities
[2025-11-18 23:17:46] [FACE] FaceNode started! Subscribed to /image_raw/compressed
[2025-11-18 23:17:47] [WAIT_CAR] Activation par la FSM → attente du signal /car_arrived_to_fall
[2025-11-18 23:17:56] [WAIT_CAR] Signal reçu : car_arrived_to_fall = TRUE
[2025-11-18 23:17:56] [WAIT_CAR] Voiture détectée -> Fin d'étape WAIT_CAR → wait_car_active = False
[2025-11-18 23:17:58] [FSM] QR activé | (wait_car=False, qr=True, face=False, dialog=False)
[2025-11-18 23:17:58] [QR] Démarrage du travail (simulation scan QR)
[2025-11-18 23:18:00] [QR] Travail terminé → qr_active = False
[2025-11-18 23:18:02] [FSM] FACE activé | (wait_car=False, qr=False, face=True, dialog=False)
[2025-11-18 23:18:03] [FACE] Activation par la FSM (sf.face_active = True)
[2025-11-18 23:22:03] [FACE] Face: UNKNOWN (1.12), old_face None
[2025-11-18 23:22:03] [FACE] Face: UNKNOWN (0.98), old_face None
[2025-11-18 23:22:04] [FACE] Face: UNKNOWN (0.95), old_face None
[2025-11-18 23:22:04] [FACE] Face: UNKNOWN (1.05), old_face None
[2025-11-18 23:22:04] [FACE] Face: UNKNOWN (0.96), old_face None
[2025-11-18 23:22:04] [FACE] Face: Gaspar (0.88), old_face None
[2025-11-18 23:22:04] [FACE] LOG ENTRY envoyé pour Gaspar
[2025-11-18 23:22:04] [FACE] Visage connu détecté, fin de l'étape FACE → sf.face_active = False
[2025-11-18 23:22:04] [FACE] Désactivation par la FSM (sf.face_active = False)
[2025-11-18 23:22:06] [FSM] DIALOG activé | (wait_car=False, qr=False, face=False, dialog=True)
[2025-11-18 23:22:06] [DIALOG] Démarrage du travail (simulation dialogue)
[2025-11-18 23:22:09] [DIALOG] Travail terminé → dialog_active = False
[2025-11-18 23:22:10] [FSM] WAIT_CAR activé | (wait_car=True, qr=False, face=False, dialog=False)
[2025-11-18 23:22:10] [WAIT_CAR] Activation par la FSM → attente du signal /car_arrived_to_fall
[2025-11-18 23:23:11] [WAIT_CAR] Signal reçu : car_arrived_to_fall = TRUE
[2025-11-18 23:23:11] [WAIT_CAR] Voiture détectée -> Fin d'étape WAIT_CAR → wait_car_active = False
[2025-11-18 23:23:12] [FSM] QR activé | (wait_car=False, qr=True, face=False, dialog=False)
[2025-11-18 23:23:12] [QR] Démarrage du travail (simulation scan QR)
[2025-11-18 23:23:14] [QR] Travail terminé → qr_active = False
[2025-11-18 23:23:16] [FSM] FACE activé | (wait_car=False, qr=False, face=True, dialog=False)
[2025-11-18 23:23:16] [FACE] Activation par la FSM (sf.face_active = True)
[2025-11-18 23:23:55] [FACE] Face: UNKNOWN (1.12), old_face Gaspar
[2025-11-18 23:23:55] [FACE] Face: UNKNOWN (1.04), old_face Gaspar
[2025-11-18 23:23:55] [FACE] Face: UNKNOWN (1.11), old_face Gaspar
[2025-11-18 23:23:55] [FACE] Face: UNKNOWN (1.09), old_face Gaspar
[2025-11-18 23:23:56] [FACE] Face: UNKNOWN (0.92), old_face Gaspar
[2025-11-18 23:23:56] [FACE] Face: Gaspar (0.89), old_face Gaspar
[2025-11-18 23:23:56] [FACE] Visage connu détecté, fin de l'étape FACE → sf.face_active = False
[2025-11-18 23:23:56] [FACE] Désactivation par la FSM (sf.face_active = False)
[2025-11-18 23:23:58] [FSM] DIALOG activé | (wait_car=False, qr=False, face=False, dialog=True)
[2025-11-18 23:23:58] [DIALOG] Démarrage du travail (simulation dialogue)
[2025-11-18 23:24:01] [DIALOG] Travail terminé → dialog_active = False
[2025-11-18 23:24:02] [FSM] WAIT_CAR activé | (wait_car=True, qr=False, face=False, dialog=False)
[2025-11-18 23:24:02] [WAIT_CAR] Activation par la FSM → attente du signal /car_arrived_to_fall
[2025-11-18 23:25:43] [WAIT_CAR] Signal reçu : car_arrived_to_fall = TRUE
[2025-11-18 23:25:43] [WAIT_CAR] Voiture détectée -> Fin d'étape WAIT_CAR → wait_car_active = False
[2025-11-18 23:25:44] [FSM] QR activé | (wait_car=False, qr=True, face=False, dialog=False)
[2025-11-18 23:25:44] [QR] Démarrage du travail (simulation scan QR)
[2025-11-18 23:25:46] [QR] Travail terminé → qr_active = False
[2025-11-18 23:25:48] [FSM] FACE activé | (wait_car=False, qr=False, face=True, dialog=False)
[2025-11-18 23:25:48] [FACE] Activation par la FSM (sf.face_active = True)
[2025-11-18 23:25:53] [FACE] Face: UNKNOWN (1.14), old_face Gaspar
[2025-11-18 23:25:53] [FACE] Face: UNKNOWN (0.95), old_face Gaspar
[2025-11-18 23:25:53] [FACE] Face: UNKNOWN (1.12), old_face Gaspar
[2025-11-18 23:25:53] [FACE] Face: UNKNOWN (0.98), old_face Gaspar
[2025-11-18 23:25:54] [FACE] Face: UNKNOWN (1.06), old_face Gaspar
[2025-11-18 23:25:54] [FACE] Face: UNKNOWN (0.95), old_face Gaspar
[2025-11-18 23:25:54] [FACE] Face: UNKNOWN (0.92), old_face Gaspar
[2025-11-18 23:25:54] [FACE] Face: Gaspar (0.82), old_face Gaspar
[2025-11-18 23:25:54] [FACE] Visage connu détecté, fin de l'étape FACE → sf.face_active = False
[2025-11-18 23:25:54] [FACE] Désactivation par la FSM (sf.face_active = False)
[2025-11-18 23:25:56] [FSM] DIALOG activé | (wait_car=False, qr=False, face=False, dialog=True)
[2025-11-18 23:25:56] [DIALOG] Démarrage du travail (simulation dialogue)
[2025-11-18 23:25:59] [DIALOG] Travail terminé → dialog_active = False
[2025-11-18 23:26:00] [FSM] WAIT_CAR activé | (wait_car=True, qr=False, face=False, dialog=False)
[2025-11-18 23:26:00] [WAIT_CAR] Activation par la FSM → attente du signal /car_arrived_to_fall
[2025-11-18 23:30:38] [FSM] Start at state: WAIT_CAR
[2025-11-18 23:30:38] [FSM] WAIT_CAR activé | (wait_car=True, qr=False, face=False, dialog=False)
[2025-11-18 23:30:38] [WAIT_CAR] Node initialisé, en attente d'activation FSM.
[2025-11-18 23:30:38] [FACE] Device: cuda:0
[2025-11-18 23:30:38] [FACE] Loading embeddings from: /home/jetson/ros2_ws/install/ai_pkg/share/ai_pkg/models/embeddings.npy
[2025-11-18 23:30:38] [FACE] Loading names from: /home/jetson/ros2_ws/install/ai_pkg/share/ai_pkg/models/names.npy
[2025-11-18 23:30:38] [FACE] Database loaded: 26 identities
[2025-11-18 23:30:39] [FACE] FaceNode started! Subscribed to /image_raw/compressed
[2025-11-18 23:30:39] [WAIT_CAR] Activation par la FSM → attente du signal /car_arrived_to_fall
[2025-11-18 23:30:56] [WAIT_CAR] Signal reçu : car_arrived_to_fall = TRUE
[2025-11-18 23:30:56] [WAIT_CAR] Voiture détectée -> Fin d'étape WAIT_CAR → wait_car_active = False
[2025-11-18 23:30:58] [FSM] QR activé | (wait_car=False, qr=True, face=False, dialog=False)
[2025-11-18 23:30:58] [QR] Démarrage du travail (simulation scan QR)
[2025-11-18 23:31:00] [QR] Travail terminé → qr_active = False
[2025-11-18 23:31:02] [FSM] FACE activé | (wait_car=False, qr=False, face=True, dialog=False)
[2025-11-18 23:31:03] [FACE] Activation par la FSM (sf.face_active = True)
[2025-11-18 23:31:09] [FACE] Face: UNKNOWN (0.97)
[2025-11-18 23:31:09] [FACE] Face: UNKNOWN (0.92)
[2025-11-18 23:31:10] [FACE] Face: Gaspar (0.86)
[2025-11-18 23:31:10] [FACE] LOG ENTRY envoyé pour Gaspar
[2025-11-18 23:31:10] [FACE] Visage connu détecté, fin de l'étape FACE → sf.face_active = False
[2025-11-18 23:31:10] [FACE] Désactivation par la FSM (sf.face_active = False)
[2025-11-18 23:31:10] [FSM] DIALOG activé | (wait_car=False, qr=False, face=False, dialog=True)
[2025-11-18 23:31:10] [DIALOG] Démarrage du travail (simulation dialogue)
[2025-11-18 23:31:13] [DIALOG] Travail terminé → dialog_active = False
[2025-11-18 23:31:14] [FSM] WAIT_CAR activé | (wait_car=True, qr=False, face=False, dialog=False)
[2025-11-18 23:31:14] [WAIT_CAR] Activation par la FSM → attente du signal /car_arrived_to_fall
[2025-11-18 23:31:55] [WAIT_CAR] Signal reçu : car_arrived_to_fall = TRUE
[2025-11-18 23:31:55] [WAIT_CAR] Voiture détectée -> Fin d'étape WAIT_CAR → wait_car_active = False
[2025-11-18 23:31:56] [FSM] QR activé | (wait_car=False, qr=True, face=False, dialog=False)
[2025-11-18 23:31:56] [QR] Démarrage du travail (simulation scan QR)
[2025-11-18 23:31:58] [QR] Travail terminé → qr_active = False
[2025-11-18 23:32:00] [FSM] FACE activé | (wait_car=False, qr=False, face=True, dialog=False)
[2025-11-18 23:32:00] [FACE] Activation par la FSM (sf.face_active = True)
[2025-11-18 23:33:15] [FACE] Face: UNKNOWN (1.00)
[2025-11-18 23:34:43] [FACE] Face: Gaspar (0.80)
[2025-11-18 23:34:43] [FACE] LOG ENTRY envoyé pour Gaspar
[2025-11-18 23:34:43] [FACE] Visage connu détecté, fin de l'étape FACE → sf.face_active = False
[2025-11-18 23:34:43] [FACE] Désactivation par la FSM (sf.face_active = False)
[2025-11-18 23:34:44] [FSM] DIALOG activé | (wait_car=False, qr=False, face=False, dialog=True)
[2025-11-18 23:34:44] [DIALOG] Démarrage du travail (simulation dialogue)
[2025-11-18 23:34:47] [DIALOG] Travail terminé → dialog_active = False
[2025-11-18 23:34:48] [FSM] WAIT_CAR activé | (wait_car=True, qr=False, face=False, dialog=False)
[2025-11-18 23:34:48] [WAIT_CAR] Activation par la FSM → attente du signal /car_arrived_to_fall
[2025-12-11 19:17:12] [WAIT_CAR] Signal reçu : car_arrived_to_fall = TRUE
[2025-12-11 19:17:12] [WAIT_CAR] Voiture détectée -> Fin d'étape WAIT_CAR → wait_car_active = False
[2025-12-11 19:17:14] [FSM] QR activé | (wait_car=False, qr=True, face=False, dialog=False)
[2025-12-11 19:17:14] [QR] Démarrage du travail (simulation scan QR)
[2025-12-11 19:17:16] [QR] Travail terminé → qr_active = False
[2025-12-11 19:17:18] [FSM] FACE activé | (wait_car=False, qr=False, face=True, dialog=False)
[2025-12-11 19:17:18] [FACE] Activation par la FSM (sf.face_active = True)
[2025-12-11 19:17:26] [FACE] Face: Gaspar (0.82)
[2025-12-11 19:17:26] [FACE] LOG ENTRY envoyé pour Gaspar
[2025-12-11 19:17:26] [FACE] Visage connu détecté, fin de l'étape FACE → sf.face_active = False
[2025-12-11 19:17:26] [FACE] Désactivation par la FSM (sf.face_active = False)
[2025-12-11 19:17:28] [FSM] DIALOG activé | (wait_car=False, qr=False, face=False, dialog=True)
[2025-12-11 19:17:28] [DIALOG] Démarrage du travail (simulation dialogue)
[2025-12-11 19:17:31] [DIALOG] Travail terminé → dialog_active = False
[2025-12-11 19:17:32] [FSM] WAIT_CAR activé | (wait_car=True, qr=False, face=False, dialog=False)
[2025-12-11 19:17:32] [WAIT_CAR] Activation par la FSM → attente du signal /car_arrived_to_fall
[2025-12-11 19:21:40] [FSM] Start at state: WAIT_CAR
[2025-12-11 19:21:40] [FSM] WAIT_CAR activé | (wait_car=True, qr=False, face=False, dialog=False)
[2025-12-11 19:21:40] [WAIT_CAR] Node initialisé, en attente d'activation FSM.
[2025-12-11 19:21:40] [FACE] Device: cuda:0
[2025-12-11 19:21:40] [FACE] Loading embeddings from: /home/jetson/ros2_ws/install/ai_pkg/share/ai_pkg/models/embeddings.npy
[2025-12-11 19:21:40] [FACE] Loading names from: /home/jetson/ros2_ws/install/ai_pkg/share/ai_pkg/models/names.npy
[2025-12-11 19:21:40] [FACE] Database loaded: 26 identities
[2025-12-11 19:21:44] [FACE] FaceNode started! Subscribed to /image_raw/compressed
[2025-12-11 19:21:45] [WAIT_CAR] Activation par la FSM → attente du signal /car_arrived_to_fall
[2025-12-11 19:21:51] [WAIT_CAR] Signal reçu : car_arrived_to_fall = TRUE
[2025-12-11 19:21:51] [WAIT_CAR] Voiture détectée -> Fin d'étape WAIT_CAR → wait_car_active = False
[2025-12-11 19:21:52] [FSM] QR activé | (wait_car=False, qr=True, face=False, dialog=False)
[2025-12-11 19:21:52] [QR] Démarrage du travail (simulation scan QR)
[2025-12-11 19:21:54] [QR] Travail terminé → qr_active = False
[2025-12-11 19:21:56] [FSM] FACE activé | (wait_car=False, qr=False, face=True, dialog=False)
[2025-12-11 19:21:57] [FACE] Activation par la FSM (sf.face_active = True)
[2025-12-11 19:22:04] [FACE] Face: Gaspar (0.84)
[2025-12-11 19:22:04] [FACE] LOG ENTRY envoyé pour Gaspar
[2025-12-11 19:22:04] [FACE] Visage connu détecté, fin de l'étape FACE → sf.face_active = False
[2025-12-11 19:22:04] [FACE] Désactivation par la FSM (sf.face_active = False)
[2025-12-11 19:22:04] [FSM] DIALOG activé | (wait_car=False, qr=False, face=False, dialog=True)
[2025-12-11 19:22:04] [DIALOG] Démarrage du travail (simulation dialogue)
[2025-12-11 19:22:07] [DIALOG] Travail terminé → dialog_active = False
[2025-12-11 19:22:08] [FSM] WAIT_CAR activé | (wait_car=True, qr=False, face=False, dialog=False)
[2025-12-11 19:22:08] [WAIT_CAR] Activation par la FSM → attente du signal /car_arrived_to_fall
[2025-12-11 19:22:08] [WAIT_CAR] Voiture détectée -> Fin d'étape WAIT_CAR → wait_car_active = False
[2025-12-11 19:22:10] [FSM] QR activé | (wait_car=False, qr=True, face=False, dialog=False)
[2025-12-11 19:22:10] [QR] Démarrage du travail (simulation scan QR)
[2025-12-11 19:22:12] [QR] Travail terminé → qr_active = False
[2025-12-11 19:22:14] [FSM] FACE activé | (wait_car=False, qr=False, face=True, dialog=False)
[2025-12-11 19:22:14] [FACE] Activation par la FSM (sf.face_active = True)
[2025-12-11 19:23:55] [FACE] Face: Gaspar (0.86)
[2025-12-11 19:23:55] [FACE] LOG ENTRY envoyé pour Gaspar
[2025-12-11 19:23:55] [FACE] Visage connu détecté, fin de l'étape FACE → sf.face_active = False
[2025-12-11 19:23:55] [FACE] Désactivation par la FSM (sf.face_active = False)
[2025-12-11 19:23:56] [FSM] DIALOG activé | (wait_car=False, qr=False, face=False, dialog=True)
[2025-12-11 19:23:56] [DIALOG] Démarrage du travail (simulation dialogue)
[2025-12-11 19:23:59] [DIALOG] Travail terminé → dialog_active = False
[2025-12-11 19:24:00] [FSM] WAIT_CAR activé | (wait_car=True, qr=False, face=False, dialog=False)
[2025-12-11 19:24:00] [WAIT_CAR] Activation par la FSM → attente du signal /car_arrived_to_fall
[2025-12-11 19:24:00] [WAIT_CAR] Voiture détectée -> Fin d'étape WAIT_CAR → wait_car_active = False
[2025-12-11 19:24:02] [FSM] QR activé | (wait_car=False, qr=True, face=False, dialog=False)
[2025-12-11 19:24:02] [QR] Démarrage du travail (simulation scan QR)
[2025-12-11 19:24:04] [QR] Travail terminé → qr_active = False
[2025-12-11 19:24:06] [FSM] FACE activé | (wait_car=False, qr=False, face=True, dialog=False)
[2025-12-11 19:24:06] [FACE] Activation par la FSM (sf.face_active = True)
[2025-12-11 19:25:19] [FACE] Face: UNKNOWN (0.98)
[2025-12-11 19:25:19] [FACE] Face: UNKNOWN (1.08)
[2025-12-11 19:25:19] [FACE] Face: UNKNOWN (1.12)
[2025-12-11 19:25:19] [FACE] Face: UNKNOWN (1.14)
[2025-12-11 19:25:20] [FACE] Face: UNKNOWN (0.98)
[2025-12-11 19:25:20] [FACE] Face: Gaspar (0.90)
[2025-12-11 19:25:20] [FACE] LOG ENTRY envoyé pour Gaspar
[2025-12-11 19:25:20] [FACE] Visage connu détecté, fin de l'étape FACE → sf.face_active = False
[2025-12-11 19:25:20] [FACE] Désactivation par la FSM (sf.face_active = False)
[2025-12-11 19:25:20] [FSM] DIALOG activé | (wait_car=False, qr=False, face=False, dialog=True)
[2025-12-11 19:25:20] [DIALOG] Démarrage du travail (simulation dialogue)
[2025-12-11 19:25:23] [DIALOG] Travail terminé → dialog_active = False
[2025-12-11 19:25:24] [FSM] WAIT_CAR activé | (wait_car=True, qr=False, face=False, dialog=False)
[2025-12-11 19:25:24] [WAIT_CAR] Activation par la FSM → attente du signal /car_arrived_to_fall
[2025-12-11 19:25:45] [WAIT_CAR] Signal reçu : car_arrived_to_fall = TRUE
[2025-12-11 19:25:45] [WAIT_CAR] Voiture détectée -> Fin d'étape WAIT_CAR → wait_car_active = False
[2025-12-11 19:25:46] [FSM] QR activé | (wait_car=False, qr=True, face=False, dialog=False)
[2025-12-11 19:25:46] [QR] Démarrage du travail (simulation scan QR)
[2025-12-11 19:25:48] [QR] Travail terminé → qr_active = False
[2025-12-11 19:25:50] [FSM] FACE activé | (wait_car=False, qr=False, face=True, dialog=False)
[2025-12-11 19:25:50] [FACE] Activation par la FSM (sf.face_active = True)
[2025-12-11 19:31:17] [FACE] Face: UNKNOWN (1.13)
[2025-12-11 19:31:17] [FACE] Face: UNKNOWN (1.14)
[2025-12-11 19:31:17] [FACE] Face: UNKNOWN (1.15)
[2025-12-11 19:31:17] [FACE] Face: UNKNOWN (1.15)
[2025-12-11 19:31:18] [FACE] Face: UNKNOWN (1.08)
[2025-12-11 19:31:18] [FACE] Face: UNKNOWN (1.22)
[2025-12-11 19:31:20] [FACE] Face: UNKNOWN (1.24)
[2025-12-11 19:31:22] [FACE] Face: UNKNOWN (0.90)
[2025-12-11 19:31:39] [FACE] Face: UNKNOWN (1.09)
[2025-12-11 19:31:40] [FACE] Face: UNKNOWN (1.19)
[2025-12-11 19:38:14] [FACE] Face: UNKNOWN (1.28)
[2025-12-11 19:38:14] [FACE] Face: UNKNOWN (1.18)
[2025-12-11 19:38:15] [FACE] Face: UNKNOWN (1.16)
[2025-12-11 19:38:16] [FACE] Face: UNKNOWN (1.02)
[2025-12-11 19:46:45] [FACE] Face: UNKNOWN (1.20)
[2025-12-11 19:46:45] [FACE] Face: UNKNOWN (1.13)
[2025-12-11 19:46:46] [FACE] Face: UNKNOWN (1.11)
[2025-12-11 19:46:46] [FACE] Face: UNKNOWN (1.24)
[2025-12-11 19:46:46] [FACE] Face: UNKNOWN (1.18)
[2025-12-11 19:46:47] [FACE] Face: UNKNOWN (1.13)
[2025-12-11 19:46:47] [FACE] Face: UNKNOWN (1.16)
[2025-12-11 19:46:47] [FACE] Face: UNKNOWN (1.09)
[2025-12-11 19:46:48] [FACE] Face: UNKNOWN (1.14)
[2025-12-11 19:46:48] [FACE] Face: UNKNOWN (1.17)
[2025-12-11 19:46:48] [FACE] Face: UNKNOWN (1.23)
[2025-12-11 19:46:56] [FACE] Face: UNKNOWN (0.91)
[2025-12-11 19:56:50] [FACE] Face: UNKNOWN (1.20)
[2025-12-11 19:56:50] [FACE] Face: UNKNOWN (1.08)
[2025-12-11 19:56:51] [FACE] Face: UNKNOWN (1.09)
[2025-12-11 19:56:51] [FACE] Face: UNKNOWN (1.08)
[2025-12-11 19:56:51] [FACE] Face: UNKNOWN (1.00)
[2025-12-11 19:56:51] [FACE] Face: UNKNOWN (1.17)
[2025-12-11 19:56:52] [FACE] Face: UNKNOWN (1.05)
[2025-12-11 19:56:52] [FACE] Face: UNKNOWN (1.24)
[2025-12-11 19:56:53] [FACE] Face: UNKNOWN (1.15)
[2025-12-11 19:56:53] [FACE] Face: UNKNOWN (1.23)
[2025-12-11 19:56:53] [FACE] Face: UNKNOWN (1.20)
[2025-12-11 19:56:54] [FACE] Face: UNKNOWN (1.22)
[2025-12-11 19:56:54] [FACE] Face: UNKNOWN (1.22)
[2025-12-11 19:56:54] [FACE] Face: UNKNOWN (1.07)
[2025-12-11 19:56:54] [FACE] Face: UNKNOWN (1.25)
[2025-12-11 19:56:55] [FACE] Face: UNKNOWN (1.22)
[2025-12-11 19:56:55] [FACE] Face: UNKNOWN (1.05)
[2025-12-11 19:57:04] [FACE] Face: UNKNOWN (1.20)
[2025-12-11 19:57:04] [FACE] Face: UNKNOWN (0.97)
[2025-12-11 19:57:04] [FACE] Face: UNKNOWN (1.20)
[2025-12-11 19:57:04] [FACE] Face: UNKNOWN (1.09)
[2025-12-11 19:57:05] [FACE] Face: UNKNOWN (1.12)
[2025-12-11 19:57:05] [FACE] Face: UNKNOWN (1.13)
[2025-12-11 19:57:05] [FACE] Face: UNKNOWN (1.12)
[2025-12-11 19:57:05] [FACE] Face: UNKNOWN (0.96)
[2025-12-11 19:57:06] [FACE] Face: UNKNOWN (1.09)
[2025-12-11 19:57:06] [FACE] Face: UNKNOWN (0.91)
[2025-12-11 19:57:06] [FACE] Face: UNKNOWN (1.04)
[2025-12-11 19:57:06] [FACE] Face: UNKNOWN (0.99)
[2025-12-11 19:57:06] [FACE] Face: UNKNOWN (1.08)
[2025-12-11 20:01:14] [FACE] Face: UNKNOWN (0.95)
[2025-12-11 20:01:52] [FACE] Face: UNKNOWN (0.96)
[2025-12-11 20:04:08] [FACE] Face: UNKNOWN (1.06)
[2025-12-11 20:04:21] [FACE] Face: UNKNOWN (1.04)
[2025-12-11 20:05:07] [FACE] Face: UNKNOWN (0.93)
[2025-12-11 20:05:07] [FACE] Face: UNKNOWN (0.91)
[2025-12-11 20:05:08] [FACE] Face: UNKNOWN (0.92)
[2025-12-11 20:05:08] [FACE] Face: Giovanna (0.86)
[2025-12-11 20:05:08] [FACE] LOG ENTRY envoyé pour Giovanna
[2025-12-11 20:05:08] [FACE] Visage connu détecté, fin de l'étape FACE → sf.face_active = False
[2025-12-11 20:05:08] [FACE] Désactivation par la FSM (sf.face_active = False)
[2025-12-11 20:05:08] [FSM] DIALOG activé | (wait_car=False, qr=False, face=False, dialog=True)
[2025-12-11 20:05:08] [DIALOG] Démarrage du travail (simulation dialogue)
[2025-12-11 20:05:11] [DIALOG] Travail terminé → dialog_active = False
[2025-12-11 20:05:12] [FSM] WAIT_CAR activé | (wait_car=True, qr=False, face=False, dialog=False)
[2025-12-11 20:05:12] [WAIT_CAR] Activation par la FSM → attente du signal /car_arrived_to_fall
[2025-12-11 20:05:56] [WAIT_CAR] Signal reçu : car_arrived_to_fall = TRUE
[2025-12-11 20:05:56] [WAIT_CAR] Voiture détectée -> Fin d'étape WAIT_CAR → wait_car_active = False
[2025-12-11 20:05:56] [FSM] QR activé | (wait_car=False, qr=True, face=False, dialog=False)
[2025-12-11 20:05:56] [QR] Démarrage du travail (simulation scan QR)
[2025-12-11 20:05:58] [QR] Travail terminé → qr_active = False
[2025-12-11 20:06:00] [FSM] FACE activé | (wait_car=False, qr=False, face=True, dialog=False)
[2025-12-11 20:06:00] [FACE] Activation par la FSM (sf.face_active = True)
[2025-12-11 20:06:06] [FACE] Face: UNKNOWN (1.06)
[2025-12-11 20:06:06] [FACE] Face: UNKNOWN (1.11)
[2025-12-11 20:06:08] [FACE] Face: UNKNOWN (0.97)
[2025-12-11 20:06:13] [FACE] Face: UNKNOWN (1.00)
[2025-12-11 20:06:13] [FACE] Face: UNKNOWN (1.14)
[2025-12-11 20:06:21] [FACE] Face: UNKNOWN (0.99)
[2025-12-11 20:06:29] [FACE] Face: UNKNOWN (1.14)
[2025-12-11 20:06:31] [FACE] Face: UNKNOWN (0.92)
[2025-12-11 20:06:31] [FACE] Face: UNKNOWN (1.08)
[2025-12-11 20:06:31] [FACE] Face: Gaspar (0.86)
[2025-12-11 20:06:31] [FACE] LOG ENTRY envoyé pour Gaspar
[2025-12-11 20:06:31] [FACE] Visage connu détecté, fin de l'étape FACE → sf.face_active = False
[2025-12-11 20:06:31] [FACE] Désactivation par la FSM (sf.face_active = False)
[2025-12-11 20:06:32] [FSM] DIALOG activé | (wait_car=False, qr=False, face=False, dialog=True)
[2025-12-11 20:06:32] [DIALOG] Démarrage du travail (simulation dialogue)
[2025-12-11 20:06:35] [DIALOG] Travail terminé → dialog_active = False
[2025-12-11 20:06:36] [FSM] WAIT_CAR activé | (wait_car=True, qr=False, face=False, dialog=False)
[2025-12-11 20:06:36] [WAIT_CAR] Activation par la FSM → attente du signal /car_arrived_to_fall
[2025-12-11 20:17:24] [WAIT_CAR] Signal reçu : car_arrived_to_fall = TRUE
[2025-12-11 20:17:24] [WAIT_CAR] Voiture détectée -> Fin d'étape WAIT_CAR → wait_car_active = False
[2025-12-11 20:17:24] [FSM] QR activé | (wait_car=False, qr=True, face=False, dialog=False)
[2025-12-11 20:17:24] [QR] Démarrage du travail (simulation scan QR)
[2025-12-11 20:17:26] [QR] Travail terminé → qr_active = False
[2025-12-11 20:17:28] [FSM] FACE activé | (wait_car=False, qr=False, face=True, dialog=False)
[2025-12-11 20:17:28] [FACE] Activation par la FSM (sf.face_active = True)
[2025-12-11 20:17:39] [FACE] Face: UNKNOWN (1.22)
[2025-12-11 20:17:39] [FACE] Face: UNKNOWN (1.16)
[2025-12-11 20:17:39] [FACE] Face: Gaspar (0.76)
[2025-12-11 20:17:39] [FACE] LOG ENTRY envoyé pour Gaspar
[2025-12-11 20:17:39] [FACE] Visage connu détecté, fin de l'étape FACE → sf.face_active = False
[2025-12-11 20:17:39] [FACE] Désactivation par la FSM (sf.face_active = False)
[2025-12-11 20:17:40] [FSM] DIALOG activé | (wait_car=False, qr=False, face=False, dialog=True)
[2025-12-11 20:17:40] [DIALOG] Démarrage du travail (simulation dialogue)
[2025-12-11 20:17:43] [DIALOG] Travail terminé → dialog_active = False
[2025-12-11 20:17:44] [FSM] WAIT_CAR activé | (wait_car=True, qr=False, face=False, dialog=False)
[2025-12-11 20:17:44] [WAIT_CAR] Activation par la FSM → attente du signal /car_arrived_to_fall
[2025-11-18 22:09:29] [FSM] Start at state: WAIT_CAR
[2025-11-18 22:09:29] [FSM] WAIT_CAR activé | (wait_car=True, qr=False, face=False, dialog=False)
[2025-11-18 22:09:29] [WAIT_CAR] Node initialisé, en attente d'activation FSM.
[2025-11-18 22:09:29] [FACE] Device: cuda:0
[2025-11-18 22:09:29] [FACE] Loading embeddings from: /home/jetson/ros2_ws/install/ai_pkg/share/ai_pkg/models/embeddings.npy
[2025-11-18 22:09:29] [FACE] Loading names from: /home/jetson/ros2_ws/install/ai_pkg/share/ai_pkg/models/names.npy
[2025-11-18 22:09:29] [FACE] Database loaded: 26 identities
[2025-11-18 22:09:32] [FACE] FaceNode started! Subscribed to /image_raw/compressed
[2025-11-18 22:09:32] [WAIT_CAR] Activation par la FSM → attente du signal /car_arrived_to_fall
[2025-12-16 15:09:21] [FSM] Start at state: WAIT_CAR
[2025-12-16 15:09:21] [FSM] WAIT_CAR activé | (wait_car=True, qr=False, face=False, dialog=False)
[2025-12-16 15:09:21] [WAIT_CAR] Node initialisé, en attente d'activation FSM.
[2025-12-16 15:09:21] [FACE] Device: cuda:0
[2025-12-16 15:09:21] [FACE] Loading embeddings from: /home/jetson/ros2_ws/install/ai_pkg/share/ai_pkg/models/embeddings.npy
[2025-12-16 15:09:21] [FACE] Loading names from: /home/jetson/ros2_ws/install/ai_pkg/share/ai_pkg/models/names.npy
[2025-12-16 15:09:21] [FACE] Database loaded: 26 identities
[2025-12-16 15:09:22] [FACE] FaceNode started! Subscribed to /image_raw/compressed
[2025-12-16 15:09:22] [WAIT_CAR] Activation par la FSM → attente du signal /car_arrived_to_fall
[2025-12-16 15:11:54] [WAIT_CAR] Signal reçu : car_arrived_to_fall = TRUE
[2025-12-16 15:11:54] [WAIT_CAR] Voiture détectée -> Fin d'étape WAIT_CAR → wait_car_active = False
[2025-12-16 15:11:55] [FSM] QR activé | (wait_car=False, qr=True, face=False, dialog=False)
[2025-12-16 15:11:55] [QR] Démarrage du travail (simulation scan QR)
[2025-12-16 15:11:57] [QR] Travail terminé → qr_active = False
[2025-12-16 15:11:59] [FSM] FACE activé | (wait_car=False, qr=False, face=True, dialog=False)
[2025-12-16 15:12:03] [FACE] Activation par la FSM (sf.face_active = True)
[2025-12-16 15:12:17] [FACE] Face: UNKNOWN (0.94)
[2025-12-16 15:12:17] [FACE] Face: Gaspar (0.79)
[2025-12-16 15:12:17] [FACE] LOG ENTRY envoyé pour Gaspar
[2025-12-16 15:12:17] [FACE] Visage connu détecté, fin de l'étape FACE → sf.face_active = False
[2025-12-16 15:12:17] [FACE] Désactivation par la FSM (sf.face_active = False)
[2025-12-16 15:12:19] [FSM] DIALOG activé | (wait_car=False, qr=False, face=False, dialog=True)
[2025-12-16 15:12:19] [DIALOG] Démarrage du travail (simulation dialogue)
[2025-12-16 15:12:22] [DIALOG] Travail terminé → dialog_active = False
[2025-12-16 15:12:23] [FSM] WAIT_CAR activé | (wait_car=True, qr=False, face=False, dialog=False)
[2025-12-16 15:12:23] [WAIT_CAR] Activation par la FSM → attente du signal /car_arrived_to_fall
[2025-11-18 22:11:34] [FSM] Start at state: WAIT_CAR
[2025-11-18 22:11:34] [FSM] WAIT_CAR activé | (wait_car=True, qr=False, face=False, dialog=False)
[2025-11-18 22:11:34] [WAIT_CAR] Node initialisé, en attente d'activation FSM.
[2025-11-18 22:11:35] [FACE] Device: cuda:0
[2025-11-18 22:11:35] [FACE] Loading embeddings from: /home/jetson/ros2_ws/install/ai_pkg/share/ai_pkg/models/embeddings.npy
[2025-11-18 22:11:35] [FACE] Loading names from: /home/jetson/ros2_ws/install/ai_pkg/share/ai_pkg/models/names.npy
[2025-11-18 22:11:35] [FACE] Database loaded: 26 identities
[2025-11-18 22:11:37] [FACE] FaceNode started! Subscribed to /image_raw/compressed
[2025-11-18 22:11:37] [WAIT_CAR] Activation par la FSM → attente du signal /car_arrived_to_fall
[2025-11-18 22:12:38] [FSM] Start at state: WAIT_CAR
[2025-11-18 22:12:38] [FSM] WAIT_CAR activé | (wait_car=True, qr=False, face=False, dialog=False)
[2025-11-18 22:12:38] [WAIT_CAR] Node initialisé, en attente d'activation FSM.
[2025-11-18 22:12:38] [FACE] Device: cuda:0
[2025-11-18 22:12:38] [FACE] Loading embeddings from: /home/jetson/ros2_ws/install/ai_pkg/share/ai_pkg/models/embeddings.npy
[2025-11-18 22:12:38] [FACE] Loading names from: /home/jetson/ros2_ws/install/ai_pkg/share/ai_pkg/models/names.npy
[2025-11-18 22:12:38] [FACE] Database loaded: 26 identities
[2025-11-18 22:12:39] [FACE] FaceNode started! Subscribed to /image_raw/compressed
[2025-11-18 22:12:39] [WAIT_CAR] Activation par la FSM → attente du signal /car_arrived_to_fall
[2025-11-18 22:14:55] [FSM] Start at state: WAIT_CAR
[2025-11-18 22:14:55] [FSM] WAIT_CAR activé | (wait_car=True, qr=False, face=False, dialog=False)
[2025-11-18 22:14:55] [WAIT_CAR] Node initialisé, en attente d'activation FSM.
[2025-11-18 22:14:55] [FACE] Device: cuda:0
[2025-11-18 22:14:55] [FACE] Loading embeddings from: /home/jetson/ros2_ws/install/ai_pkg/share/ai_pkg/models/embeddings.npy
[2025-11-18 22:14:55] [FACE] Loading names from: /home/jetson/ros2_ws/install/ai_pkg/share/ai_pkg/models/names.npy
[2025-11-18 22:14:55] [FACE] Database loaded: 26 identities
[2025-11-18 22:14:58] [FACE] FaceNode started! Subscribed to /image_raw/compressed
[2025-11-18 22:14:58] [WAIT_CAR] Activation par la FSM → attente du signal /car_arrived_to_fall
[2025-11-18 22:17:45] [WAIT_CAR] Signal reçu : car_arrived_to_fall = TRUE
[2025-11-18 22:17:45] [WAIT_CAR] Voiture détectée -> Fin d'étape WAIT_CAR → wait_car_active = False
[2025-11-18 22:17:47] [FSM] QR activé | (wait_car=False, qr=True, face=False, dialog=False)
[2025-11-18 22:17:47] [QR] Démarrage du travail (simulation scan QR)
[2025-11-18 22:17:49] [QR] Travail terminé → qr_active = False
[2025-11-18 22:17:51] [FSM] FACE activé | (wait_car=False, qr=False, face=True, dialog=False)
[2025-11-18 22:17:51] [FACE] Activation par la FSM (sf.face_active = True)
[2025-11-18 22:17:56] [FACE] Face: UNKNOWN (1.01)
[2025-11-18 22:17:57] [FACE] Face: UNKNOWN (1.21)
[2025-11-18 22:17:58] [FACE] Face: UNKNOWN (1.11)
[2025-11-18 22:17:58] [FACE] Face: UNKNOWN (1.21)
[2025-11-18 22:17:59] [FACE] Face: UNKNOWN (1.24)
[2025-11-18 22:17:59] [FACE] Face: UNKNOWN (1.17)
[2025-11-18 22:18:00] [FACE] Face: UNKNOWN (1.30)
[2025-11-18 22:18:00] [FACE] Face: Hugo (0.80)
[2025-11-18 22:18:00] [FACE] LOG ENTRY envoyé pour Hugo
[2025-11-18 22:18:00] [FACE] Visage connu détecté, fin de l'étape FACE → sf.face_active = False
[2025-11-18 22:18:00] [FACE] Désactivation par la FSM (sf.face_active = False)
[2025-11-18 22:18:01] [FSM] DIALOG activé | (wait_car=False, qr=False, face=False, dialog=True)
[2025-11-18 22:18:01] [DIALOG] Démarrage du travail (simulation dialogue)
[2025-11-18 22:18:04] [DIALOG] Travail terminé → dialog_active = False
[2025-11-18 22:18:05] [FSM] WAIT_CAR activé | (wait_car=True, qr=False, face=False, dialog=False)
[2025-11-18 22:18:05] [WAIT_CAR] Activation par la FSM → attente du signal /car_arrived_to_fall
[2025-11-18 22:19:49] [WAIT_CAR] Signal reçu : car_arrived_to_fall = TRUE
[2025-11-18 22:19:49] [WAIT_CAR] Voiture détectée -> Fin d'étape WAIT_CAR → wait_car_active = False
[2025-11-18 22:19:51] [FSM] QR activé | (wait_car=False, qr=True, face=False, dialog=False)
[2025-11-18 22:19:51] [QR] Démarrage du travail (simulation scan QR)
[2025-11-18 22:19:53] [QR] Travail terminé → qr_active = False
[2025-11-18 22:19:55] [FSM] FACE activé | (wait_car=False, qr=False, face=True, dialog=False)
[2025-11-18 22:19:55] [FACE] Activation par la FSM (sf.face_active = True)
[2025-11-18 22:20:02] [FACE] Face: UNKNOWN (1.09)
[2025-11-18 22:20:06] [FACE] Face: UNKNOWN (1.10)
[2025-11-18 22:20:06] [FACE] Face: UNKNOWN (1.04)
[2025-11-18 22:20:07] [FACE] Face: Hugo (0.87)
[2025-11-18 22:20:07] [FACE] LOG ENTRY envoyé pour Hugo
[2025-11-18 22:20:07] [FACE] Visage connu détecté, fin de l'étape FACE → sf.face_active = False
[2025-11-18 22:20:07] [FACE] Désactivation par la FSM (sf.face_active = False)
[2025-11-18 22:20:09] [FSM] DIALOG activé | (wait_car=False, qr=False, face=False, dialog=True)
[2025-11-18 22:20:09] [DIALOG] Démarrage du travail (simulation dialogue)
[2025-11-18 22:20:12] [DIALOG] Travail terminé → dialog_active = False
[2025-11-18 22:20:13] [FSM] WAIT_CAR activé | (wait_car=True, qr=False, face=False, dialog=False)
[2025-11-18 22:20:13] [WAIT_CAR] Activation par la FSM → attente du signal /car_arrived_to_fall
[2025-11-18 22:09:25] [FSM] Start at state: WAIT_CAR
[2025-11-18 22:09:25] [FSM] WAIT_CAR activé | (wait_car=True, qr=False, face=False, dialog=False)
[2025-11-18 22:09:25] [WAIT_CAR] Node initialisé, en attente d'activation FSM.
[2025-11-18 22:09:25] [FACE] Device: cuda:0
[2025-11-18 22:09:25] [FACE] Loading embeddings from: /home/jetson/ros2_ws/install/ai_pkg/share/ai_pkg/models/embeddings.npy
[2025-11-18 22:09:25] [FACE] Loading names from: /home/jetson/ros2_ws/install/ai_pkg/share/ai_pkg/models/names.npy
[2025-11-18 22:09:25] [FACE] Database loaded: 26 identities
[2025-11-18 22:09:28] [FACE] FaceNode started! Subscribed to /image_raw/compressed
[2025-11-18 22:09:28] [WAIT_CAR] Activation par la FSM → attente du signal /car_arrived_to_fall
[2025-11-18 22:13:20] [WAIT_CAR] Signal reçu : car_arrived_to_fall = TRUE
[2025-11-18 22:13:21] [WAIT_CAR] Voiture détectée -> Fin d'étape WAIT_CAR → wait_car_active = False
[2025-11-18 22:13:23] [FSM] QR activé | (wait_car=False, qr=True, face=False, dialog=False)
[2025-11-18 22:13:23] [QR] Démarrage du travail (simulation scan QR)
[2025-11-18 22:13:25] [QR] Travail terminé → qr_active = False
[2025-11-18 22:13:27] [FSM] FACE activé | (wait_car=False, qr=False, face=True, dialog=False)
[2025-11-18 22:13:32] [FACE] Face: UNKNOWN (1.01)
[2025-11-18 22:13:32] [FACE] Activation par la FSM (sf.face_active = True)
[2025-11-18 22:13:33] [FACE] Face: UNKNOWN (0.96)
[2025-11-18 22:13:34] [FACE] Face: UNKNOWN (0.99)
[2025-11-18 22:13:34] [FACE] Face: UNKNOWN (0.90)
[2025-11-18 22:13:35] [FACE] Face: Hugo (0.90)
[2025-11-18 22:13:35] [FACE] LOG ENTRY envoyé pour Hugo
[2025-11-18 22:13:35] [FACE] Visage connu détecté, fin de l'étape FACE → sf.face_active = False
[2025-11-18 22:13:35] [FACE] Désactivation par la FSM (sf.face_active = False)
[2025-11-18 22:13:37] [FSM] DIALOG activé | (wait_car=False, qr=False, face=False, dialog=True)
[2025-11-18 22:13:37] [DIALOG] Démarrage du travail (simulation dialogue)
[2025-11-18 22:13:40] [DIALOG] Travail terminé → dialog_active = False
[2025-11-18 22:13:41] [FSM] WAIT_CAR activé | (wait_car=True, qr=False, face=False, dialog=False)
[2025-11-18 22:13:41] [WAIT_CAR] Activation par la FSM → attente du signal /car_arrived_to_fall
[2025-11-18 22:15:34] [WAIT_CAR] Signal reçu : car_arrived_to_fall = TRUE
[2025-11-18 22:15:34] [WAIT_CAR] Voiture détectée -> Fin d'étape WAIT_CAR → wait_car_active = False
[2025-11-18 22:15:35] [FSM] QR activé | (wait_car=False, qr=True, face=False, dialog=False)
[2025-11-18 22:15:35] [QR] Démarrage du travail (simulation scan QR)
[2025-11-18 22:15:37] [QR] Travail terminé → qr_active = False
[2025-11-18 22:15:39] [FSM] FACE activé | (wait_car=False, qr=False, face=True, dialog=False)
[2025-11-18 22:15:39] [FACE] Activation par la FSM (sf.face_active = True)
[2025-11-18 22:15:48] [FACE] Face: Gaspar (0.87)
[2025-11-18 22:15:48] [FACE] LOG ENTRY envoyé pour Gaspar
[2025-11-18 22:15:48] [FACE] Visage connu détecté, fin de l'étape FACE → sf.face_active = False
[2025-11-18 22:15:48] [FACE] Désactivation par la FSM (sf.face_active = False)
[2025-11-18 22:15:49] [FSM] DIALOG activé | (wait_car=False, qr=False, face=False, dialog=True)
[2025-11-18 22:15:49] [DIALOG] Démarrage du travail (simulation dialogue)
[2025-11-18 22:15:52] [DIALOG] Travail terminé → dialog_active = False
[2025-11-18 22:15:53] [FSM] WAIT_CAR activé | (wait_car=True, qr=False, face=False, dialog=False)
[2025-11-18 22:15:53] [WAIT_CAR] Activation par la FSM → attente du signal /car_arrived_to_fall
[2025-11-18 22:29:20] [FSM] Start at state: WAIT_CAR
[2025-11-18 22:29:20] [FSM] WAIT_CAR activé | (wait_car=True, qr=False, face=False, dialog=False)
[2025-11-18 22:29:20] [WAIT_CAR] Node initialisé, en attente d'activation FSM.
[2025-11-18 22:29:20] [FACE] Device: cuda:0
[2025-11-18 22:29:20] [FACE] Loading embeddings from: /home/jetson/ros2_ws/install/ai_pkg/share/ai_pkg/models/embeddings.npy
[2025-11-18 22:29:20] [FACE] Loading names from: /home/jetson/ros2_ws/install/ai_pkg/share/ai_pkg/models/names.npy
[2025-11-18 22:29:20] [FACE] Database loaded: 26 identities
[2025-11-18 22:29:23] [FACE] FaceNode started! Subscribed to /image_raw/compressed
[2025-11-18 22:29:23] [WAIT_CAR] Activation par la FSM → attente du signal /car_arrived_to_fall
[2025-11-18 22:47:00] [FSM] Start at state: WAIT_CAR
[2025-11-18 22:47:00] [FSM] WAIT_CAR activé | (wait_car=True, qr=False, face=False, dialog=False)
[2025-11-18 22:47:00] [WAIT_CAR] Node initialisé, en attente d'activation FSM.
[2025-11-18 22:47:00] [FACE] Device: cuda:0
[2025-11-18 22:47:00] [FACE] Loading embeddings from: /home/jetson/ros2_ws/install/ai_pkg/share/ai_pkg/models/embeddings.npy
[2025-11-18 22:47:00] [FACE] Loading names from: /home/jetson/ros2_ws/install/ai_pkg/share/ai_pkg/models/names.npy
[2025-11-18 22:47:00] [FACE] Database loaded: 26 identities
[2025-11-18 22:47:01] [FACE] FaceNode started! Subscribed to /image_raw/compressed
[2025-11-18 22:47:01] [WAIT_CAR] Activation par la FSM → attente du signal /car_arrived_to_fall
[2025-11-18 22:47:24] [WAIT_CAR] Signal reçu : car_arrived_to_fall = TRUE
[2025-11-18 22:47:24] [WAIT_CAR] Voiture détectée -> Fin d'étape WAIT_CAR → wait_car_active = False
[2025-11-18 22:47:26] [FSM] QR activé | (wait_car=False, qr=True, face=False, dialog=False)
[2025-11-18 22:47:26] [QR] Démarrage du travail (simulation scan QR)
[2025-11-18 22:47:26] TalkerNode initialisé
[2025-11-18 22:47:26] [TTS]: envoi → 'Scanning for QR codes, please wait.'
[2025-11-18 22:47:28] [QR] Travail terminé → qr_active = False
[2025-11-18 22:47:30] [FSM] FACE activé | (wait_car=False, qr=False, face=True, dialog=False)
[2025-11-18 22:47:35] [FACE] Face: UNKNOWN (1.03)
[2025-11-18 22:47:35] [FACE] Activation par la FSM (sf.face_active = True)
[2025-11-18 22:47:36] [FACE] Face: Gaspar (0.89)
[2025-11-18 22:47:36] [FACE] LOG ENTRY envoyé pour Gaspar
[2025-11-18 22:47:36] [FACE] Visage connu détecté, fin de l'étape FACE → sf.face_active = False
[2025-11-18 22:47:36] [FACE] Désactivation par la FSM (sf.face_active = False)
[2025-11-18 22:47:36] [FSM] DIALOG activé | (wait_car=False, qr=False, face=False, dialog=True)
[2025-11-18 22:47:36] [DIALOG] Démarrage du travail (simulation dialogue)
[2025-11-18 22:47:39] [DIALOG] Travail terminé → dialog_active = False
[2025-11-18 22:47:40] [FSM] WAIT_CAR activé | (wait_car=True, qr=False, face=False, dialog=False)
[2025-11-18 22:47:40] [WAIT_CAR] Activation par la FSM → attente du signal /car_arrived_to_fall
[2025-11-18 22:47:49] [WAIT_CAR] Signal reçu : car_arrived_to_fall = TRUE
[2025-11-18 22:47:49] [WAIT_CAR] Voiture détectée -> Fin d'étape WAIT_CAR → wait_car_active = False
[2025-11-18 22:47:50] [FSM] QR activé | (wait_car=False, qr=True, face=False, dialog=False)
[2025-11-18 22:47:50] [QR] Démarrage du travail (simulation scan QR)
[2025-11-18 22:47:50] [TTS]: envoi → 'Scanning for QR codes, please wait.'
[2025-11-18 22:47:52] [QR] Travail terminé → qr_active = False
[2025-11-18 22:47:54] [FSM] FACE activé | (wait_car=False, qr=False, face=True, dialog=False)
[2025-11-18 22:47:55] [FACE] Face: UNKNOWN (0.95)
[2025-11-18 22:47:55] [FACE] Activation par la FSM (sf.face_active = True)
[2025-11-18 22:47:55] [FACE] Face: UNKNOWN (0.97)
[2025-11-18 22:47:55] [FACE] Face: UNKNOWN (0.96)
[2025-11-18 22:47:55] [FACE] Face: UNKNOWN (0.91)
[2025-11-18 22:47:56] [FACE] Face: UNKNOWN (0.92)
[2025-11-18 22:47:56] [FACE] Face: Gaspar (0.86)
[2025-11-18 22:47:56] [FACE] LOG ENTRY envoyé pour Gaspar
[2025-11-18 22:47:56] [FACE] Visage connu détecté, fin de l'étape FACE → sf.face_active = False
[2025-11-18 22:47:56] [FACE] Désactivation par la FSM (sf.face_active = False)
[2025-11-18 22:47:56] [FSM] DIALOG activé | (wait_car=False, qr=False, face=False, dialog=True)
[2025-11-18 22:47:56] [DIALOG] Démarrage du travail (simulation dialogue)
[2025-11-18 22:47:59] [DIALOG] Travail terminé → dialog_active = False
[2025-11-18 22:48:00] [FSM] WAIT_CAR activé | (wait_car=True, qr=False, face=False, dialog=False)
[2025-11-18 22:48:00] [WAIT_CAR] Activation par la FSM → attente du signal /car_arrived_to_fall
[2025-11-18 22:48:03] [WAIT_CAR] Signal reçu : car_arrived_to_fall = TRUE
[2025-11-18 22:48:03] [WAIT_CAR] Voiture détectée -> Fin d'étape WAIT_CAR → wait_car_active = False
[2025-11-18 22:48:04] [FSM] QR activé | (wait_car=False, qr=True, face=False, dialog=False)
[2025-11-18 22:48:04] [QR] Démarrage du travail (simulation scan QR)
[2025-11-18 22:48:04] [TTS]: envoi → 'Scanning for QR codes, please wait.'
[2025-11-18 22:48:06] [QR] Travail terminé → qr_active = False
[2025-11-18 22:48:08] [FSM] FACE activé | (wait_car=False, qr=False, face=True, dialog=False)
[2025-11-18 22:48:08] [FACE] Face: Gaspar (0.83)
[2025-11-18 22:48:08] [FACE] LOG ENTRY envoyé pour Gaspar
[2025-11-18 22:48:08] [FACE] Visage connu détecté, fin de l'étape FACE → sf.face_active = False
[2025-11-18 22:48:10] [FSM] DIALOG activé | (wait_car=False, qr=False, face=False, dialog=True)
[2025-11-18 22:48:10] [DIALOG] Démarrage du travail (simulation dialogue)
[2025-11-18 22:48:13] [DIALOG] Travail terminé → dialog_active = False
[2025-11-18 22:48:14] [FSM] WAIT_CAR activé | (wait_car=True, qr=False, face=False, dialog=False)
[2025-11-18 22:48:14] [WAIT_CAR] Activation par la FSM → attente du signal /car_arrived_to_fall
[2025-11-18 22:48:16] [WAIT_CAR] Signal reçu : car_arrived_to_fall = TRUE
[2025-11-18 22:48:16] [WAIT_CAR] Voiture détectée -> Fin d'étape WAIT_CAR → wait_car_active = False
[2025-11-18 22:48:16] [FSM] QR activé | (wait_car=False, qr=True, face=False, dialog=False)
[2025-11-18 22:48:16] [QR] Démarrage du travail (simulation scan QR)
[2025-11-18 22:48:16] [TTS]: envoi → 'Scanning for QR codes, please wait.'
[2025-11-18 22:48:18] [QR] Travail terminé → qr_active = False
[2025-11-18 22:48:20] [FSM] FACE activé | (wait_car=False, qr=False, face=True, dialog=False)
[2025-11-18 22:48:21] [FACE] Face: UNKNOWN (1.07)
[2025-11-18 22:48:21] [FACE] Activation par la FSM (sf.face_active = True)
[2025-11-18 22:48:21] [FACE] Face: UNKNOWN (1.02)
[2025-11-18 22:48:21] [FACE] Face: UNKNOWN (1.14)
[2025-11-18 22:48:21] [FACE] Face: UNKNOWN (1.17)
[2025-11-18 22:48:21] [FACE] Face: UNKNOWN (1.02)
[2025-11-18 22:48:22] [FACE] Face: Gaspar (0.87)
[2025-11-18 22:48:22] [FACE] LOG ENTRY envoyé pour Gaspar
[2025-11-18 22:48:22] [FACE] Visage connu détecté, fin de l'étape FACE → sf.face_active = False
[2025-11-18 22:48:22] [FACE] Désactivation par la FSM (sf.face_active = False)
[2025-11-18 22:48:22] [FSM] DIALOG activé | (wait_car=False, qr=False, face=False, dialog=True)
[2025-11-18 22:48:22] [DIALOG] Démarrage du travail (simulation dialogue)
[2025-11-18 22:48:25] [DIALOG] Travail terminé → dialog_active = False
[2025-11-18 22:48:26] [FSM] WAIT_CAR activé | (wait_car=True, qr=False, face=False, dialog=False)
[2025-11-18 22:48:26] [WAIT_CAR] Activation par la FSM → attente du signal /car_arrived_to_fall
[2025-11-18 22:54:23] [FSM] Start at state: WAIT_CAR
[2025-11-18 22:54:23] [FSM] WAIT_CAR activé | (wait_car=True, qr=False, face=False, dialog=False)
[2025-11-18 22:54:24] [WAIT_CAR] Node initialisé, en attente d'activation FSM.
[2025-11-18 22:54:24] [FACE] Device: cuda:0
[2025-11-18 22:54:24] [FACE] Loading embeddings from: /home/jetson/ros2_ws/install/ai_pkg/share/ai_pkg/models/embeddings.npy
[2025-11-18 22:54:24] [FACE] Loading names from: /home/jetson/ros2_ws/install/ai_pkg/share/ai_pkg/models/names.npy
[2025-11-18 22:54:24] [FACE] Database loaded: 26 identities
[2025-11-18 22:54:24] [FACE] FaceNode started! Subscribed to /image_raw/compressed
[2025-11-18 22:54:25] [WAIT_CAR] Activation par la FSM → attente du signal /car_arrived_to_fall
[2025-11-18 23:00:02] [FSM] Start at state: WAIT_CAR
[2025-11-18 23:00:02] [FSM] WAIT_CAR activé | (wait_car=True, qr=False, face=False, dialog=False)
[2025-11-18 23:00:02] [WAIT_CAR] Node initialisé, en attente d'activation FSM.
[2025-11-18 23:00:02] [FACE] Device: cuda:0
[2025-11-18 23:00:02] [FACE] Loading embeddings from: /home/jetson/ros2_ws/install/ai_pkg/share/ai_pkg/models/embeddings.npy
[2025-11-18 23:00:02] [FACE] Loading names from: /home/jetson/ros2_ws/install/ai_pkg/share/ai_pkg/models/names.npy
[2025-11-18 23:00:02] [FACE] Database loaded: 26 identities
[2025-11-18 23:00:03] [FACE] FaceNode started! Subscribed to /image_raw/compressed
[2025-11-18 23:00:03] [WAIT_CAR] Activation par la FSM → attente du signal /car_arrived_to_fall
[2025-11-18 23:02:06] [FSM] Start at state: WAIT_CAR
[2025-11-18 23:02:06] [FSM] WAIT_CAR activé | (wait_car=True, qr=False, face=False, dialog=False)
[2025-11-18 23:02:06] [WAIT_CAR] Node initialisé, en attente d'activation FSM.
[2025-11-18 23:02:06] [FACE] Device: cuda:0
[2025-11-18 23:02:06] [FACE] Loading embeddings from: /home/jetson/ros2_ws/install/ai_pkg/share/ai_pkg/models/embeddings.npy
[2025-11-18 23:02:06] [FACE] Loading names from: /home/jetson/ros2_ws/install/ai_pkg/share/ai_pkg/models/names.npy
[2025-11-18 23:02:06] [FACE] Database loaded: 26 identities
[2025-11-18 23:02:07] [FACE] FaceNode started! Subscribed to /image_raw/compressed
[2025-11-18 23:02:07] [WAIT_CAR] Activation par la FSM → attente du signal /car_arrived_to_fall
[2025-11-18 22:21:41] [FSM] Start at state: WAIT_CAR
[2025-11-18 22:21:41] [FSM] WAIT_CAR activé | (wait_car=True, qr=False, face=False, dialog=False)
[2025-11-18 22:21:41] [WAIT_CAR] Node initialisé, en attente d'activation FSM.
[2025-11-18 22:21:41] [FACE] Device: cuda:0
[2025-11-18 22:21:41] [FACE] Loading embeddings from: /home/jetson/ros2_ws/install/ai_pkg/share/ai_pkg/models/embeddings.npy
[2025-11-18 22:21:41] [FACE] Loading names from: /home/jetson/ros2_ws/install/ai_pkg/share/ai_pkg/models/names.npy
[2025-11-18 22:21:41] [FACE] Database loaded: 26 identities
[2025-11-18 22:21:44] [FACE] FaceNode started! Subscribed to /image_raw/compressed
[2025-11-18 22:21:44] [WAIT_CAR] Activation par la FSM → attente du signal /car_arrived_to_fall
[2025-11-18 22:30:36] [WAIT_CAR] Signal reçu : car_arrived_to_fall = TRUE
[2025-11-18 22:30:36] [WAIT_CAR] Voiture détectée -> Fin d'étape WAIT_CAR → wait_car_active = False
[2025-11-18 22:30:36] TalkerNode initialisé
[2025-11-18 22:30:36] [TTS]: envoi → 'The car has arrived'
[2025-11-18 22:30:37] [FSM] QR activé | (wait_car=False, qr=True, face=False, dialog=False)
[2025-11-18 22:30:37] [QR] Démarrage du travail (simulation scan QR)
[2025-11-18 22:30:39] [QR] Travail terminé → qr_active = False
[2025-11-18 22:30:41] [FSM] FACE activé | (wait_car=False, qr=False, face=True, dialog=False)
[2025-11-18 22:30:41] [FACE] Activation par la FSM (sf.face_active = True)
[2025-11-18 22:30:41] [TTS]: envoi → 'Face recognition activated'
[2025-11-18 22:30:49] [FACE] Face: UNKNOWN (1.09)
[2025-11-18 22:30:49] [FACE] Face: UNKNOWN (0.94)
[2025-11-18 22:30:50] [FACE] Face: Gaspar (0.85)
[2025-11-18 22:30:50] [FACE] LOG ENTRY envoyé pour Gaspar
[2025-11-18 22:30:50] [FACE] Visage connu détecté, fin de l'étape FACE → sf.face_active = False
[2025-11-18 22:30:50] [TTS]: envoi → 'Gaspar has been detected'
[2025-11-18 22:30:50] [FACE] Désactivation par la FSM (sf.face_active = False)
[2025-11-18 22:30:51] [FSM] DIALOG activé | (wait_car=False, qr=False, face=False, dialog=True)
[2025-11-18 22:30:51] [DIALOG] Démarrage du travail (simulation dialogue)
[2025-11-18 22:30:54] [DIALOG] Travail terminé → dialog_active = False
[2025-11-18 22:30:55] [FSM] WAIT_CAR activé | (wait_car=True, qr=False, face=False, dialog=False)
[2025-11-18 22:30:55] [WAIT_CAR] Activation par la FSM → attente du signal /car_arrived_to_fall
[2025-11-18 22:34:40] [FSM] Start at state: WAIT_CAR
[2025-11-18 22:34:40] [FSM] WAIT_CAR activé | (wait_car=True, qr=False, face=False, dialog=False)
[2025-11-18 22:34:40] [WAIT_CAR] Node initialisé, en attente d'activation FSM.
[2025-11-18 22:34:40] [FACE] Device: cuda:0
[2025-11-18 22:34:40] [FACE] Loading embeddings from: /home/jetson/ros2_ws/install/ai_pkg/share/ai_pkg/models/embeddings.npy
[2025-11-18 22:34:40] [FACE] Loading names from: /home/jetson/ros2_ws/install/ai_pkg/share/ai_pkg/models/names.npy
[2025-11-18 22:34:40] [FACE] Database loaded: 26 identities
[2025-11-18 22:34:41] [FACE] FaceNode started! Subscribed to /image_raw/compressed
[2025-11-18 22:34:41] [WAIT_CAR] Activation par la FSM → attente du signal /car_arrived_to_fall
[2025-11-18 22:48:54] [FSM] Start at state: WAIT_CAR
[2025-11-18 22:48:54] [FSM] WAIT_CAR activé | (wait_car=True, qr=False, face=False, dialog=False)
[2025-11-18 22:48:54] [WAIT_CAR] Node initialisé, en attente d'activation FSM.
[2025-11-18 22:48:55] [FACE] Device: cuda:0
[2025-11-18 22:48:55] [FACE] Loading embeddings from: /home/jetson/ros2_ws/install/ai_pkg/share/ai_pkg/models/embeddings.npy
[2025-11-18 22:48:55] [FACE] Loading names from: /home/jetson/ros2_ws/install/ai_pkg/share/ai_pkg/models/names.npy
[2025-11-18 22:48:55] [FACE] Database loaded: 26 identities
[2025-11-18 22:48:56] [FACE] FaceNode started! Subscribed to /image_raw/compressed
[2025-11-18 22:48:56] [WAIT_CAR] Activation par la FSM → attente du signal /car_arrived_to_fall
[2025-11-18 22:49:09] [WAIT_CAR] Signal reçu : car_arrived_to_fall = TRUE
[2025-11-18 22:49:09] [WAIT_CAR] Voiture détectée -> Fin d'étape WAIT_CAR → wait_car_active = False
[2025-11-18 22:49:09] TalkerNode initialisé
[2025-11-18 22:49:10] [TTS]: serveur /say indisponible (timeout)
[2025-11-18 22:49:10] [FSM] QR activé | (wait_car=False, qr=True, face=False, dialog=False)
[2025-11-18 22:49:10] [QR] Démarrage du travail (simulation scan QR)
[2025-11-18 22:49:12] [QR] Travail terminé → qr_active = False
[2025-11-18 22:49:14] [FSM] FACE activé | (wait_car=False, qr=False, face=True, dialog=False)
[2025-11-18 22:49:16] [FACE] Face: UNKNOWN (1.09)
[2025-11-18 22:49:16] [FACE] Activation par la FSM (sf.face_active = True)
[2025-11-18 22:49:17] [TTS]: serveur /say indisponible (timeout)
[2025-11-18 22:49:18] [FACE] Face: UNKNOWN (1.08)
[2025-11-18 22:49:18] [FACE] Face: UNKNOWN (1.04)
[2025-11-18 22:49:19] [FACE] Face: UNKNOWN (1.08)
[2025-11-18 22:49:19] [FACE] Face: UNKNOWN (1.04)
[2025-11-18 22:49:20] [FACE] Face: UNKNOWN (1.04)
[2025-11-18 22:49:20] [FACE] Face: UNKNOWN (1.06)
[2025-11-18 22:49:21] [FACE] Face: UNKNOWN (1.05)
[2025-11-18 22:49:21] [FACE] Face: UNKNOWN (1.03)
[2025-11-18 22:49:21] [FACE] Face: UNKNOWN (1.09)
[2025-11-18 22:49:21] [FACE] Face: UNKNOWN (1.00)
[2025-11-18 22:49:22] [FACE] Face: Gaspar (0.90)
[2025-11-18 22:49:22] [FACE] LOG ENTRY envoyé pour Gaspar
[2025-11-18 22:49:22] [FACE] Visage connu détecté, fin de l'étape FACE → sf.face_active = False
[2025-11-18 22:49:22] [TTS]: envoi → 'Gaspar has been detected'
[2025-11-18 22:49:22] [FACE] Désactivation par la FSM (sf.face_active = False)
[2025-11-18 22:49:22] [FSM] DIALOG activé | (wait_car=False, qr=False, face=False, dialog=True)
[2025-11-18 22:49:23] [DIALOG] Démarrage du travail (simulation dialogue)
[2025-11-18 22:49:26] [DIALOG] Travail terminé → dialog_active = False
[2025-11-18 22:49:26] [FSM] WAIT_CAR activé | (wait_car=True, qr=False, face=False, dialog=False)
[2025-11-18 22:49:26] [WAIT_CAR] Activation par la FSM → attente du signal /car_arrived_to_fall
[2025-11-18 22:49:31] [WAIT_CAR] Signal reçu : car_arrived_to_fall = TRUE
[2025-11-18 22:49:31] [WAIT_CAR] Voiture détectée -> Fin d'étape WAIT_CAR → wait_car_active = False
[2025-11-18 22:49:31] [TTS]: envoi → 'The car has arrived'
[2025-11-18 22:49:32] [FSM] QR activé | (wait_car=False, qr=True, face=False, dialog=False)
[2025-11-18 22:49:32] [QR] Démarrage du travail (simulation scan QR)
[2025-11-18 22:49:34] [QR] Travail terminé → qr_active = False
[2025-11-18 22:49:36] [FSM] FACE activé | (wait_car=False, qr=False, face=True, dialog=False)
[2025-11-18 22:49:37] [FACE] Face: UNKNOWN (1.02)
[2025-11-18 22:49:37] [FACE] Activation par la FSM (sf.face_active = True)
[2025-11-18 22:49:37] [TTS]: envoi → 'Face recognition activated'
[2025-11-18 22:49:37] [FACE] Face: UNKNOWN (0.92)
[2025-11-18 22:49:38] [FACE] Face: UNKNOWN (1.05)
[2025-11-18 22:49:38] [FACE] Face: UNKNOWN (1.02)
[2025-11-18 22:49:39] [FACE] Face: UNKNOWN (0.99)
[2025-11-18 22:49:39] [FACE] Face: UNKNOWN (1.01)
[2025-11-18 22:49:39] [FACE] Face: UNKNOWN (0.99)
[2025-11-18 22:49:39] [FACE] Face: UNKNOWN (0.95)
[2025-11-18 22:49:40] [FACE] Face: UNKNOWN (0.96)
[2025-11-18 22:49:40] [FACE] Face: Gaspar (0.85)
[2025-11-18 22:49:40] [FACE] LOG ENTRY envoyé pour Gaspar
[2025-11-18 22:49:40] [FACE] Visage connu détecté, fin de l'étape FACE → sf.face_active = False
[2025-11-18 22:49:40] [TTS]: envoi → 'Gaspar has been detected'
[2025-11-18 22:49:40] [FACE] Désactivation par la FSM (sf.face_active = False)
[2025-11-18 22:49:40] [FSM] DIALOG activé | (wait_car=False, qr=False, face=False, dialog=True)
[2025-11-18 22:49:41] [DIALOG] Démarrage du travail (simulation dialogue)
[2025-11-18 22:49:44] [DIALOG] Travail terminé → dialog_active = False
[2025-11-18 22:49:44] [FSM] WAIT_CAR activé | (wait_car=True, qr=False, face=False, dialog=False)
[2025-11-18 22:49:44] [WAIT_CAR] Activation par la FSM → attente du signal /car_arrived_to_fall
[2025-11-18 22:50:55] [WAIT_CAR] Signal reçu : car_arrived_to_fall = TRUE
[2025-11-18 22:50:55] [WAIT_CAR] Voiture détectée -> Fin d'étape WAIT_CAR → wait_car_active = False
[2025-11-18 22:50:55] [TTS]: envoi → 'The car has arrived'
[2025-11-18 22:50:56] [FSM] QR activé | (wait_car=False, qr=True, face=False, dialog=False)
[2025-11-18 22:50:56] [QR] Démarrage du travail (simulation scan QR)
[2025-11-18 22:50:58] [QR] Travail terminé → qr_active = False
[2025-11-18 22:51:00] [FSM] FACE activé | (wait_car=False, qr=False, face=True, dialog=False)
[2025-11-18 22:51:01] [FACE] Face: UNKNOWN (1.09)
[2025-11-18 22:51:01] [FACE] Activation par la FSM (sf.face_active = True)
[2025-11-18 22:51:01] [TTS]: envoi → 'Face recognition activated'
[2025-11-18 22:51:01] [FACE] Face: UNKNOWN (1.09)
[2025-11-18 22:51:02] [FACE] Face: UNKNOWN (0.98)
[2025-11-18 22:51:02] [FACE] Face: Gaspar (0.87)
[2025-11-18 22:51:02] [FACE] LOG ENTRY envoyé pour Gaspar
[2025-11-18 22:51:02] [FACE] Visage connu détecté, fin de l'étape FACE → sf.face_active = False
[2025-11-18 22:51:02] [TTS]: envoi → 'Gaspar has been detected'
[2025-11-18 22:51:02] [FACE] Désactivation par la FSM (sf.face_active = False)
[2025-11-18 22:51:02] [FSM] DIALOG activé | (wait_car=False, qr=False, face=False, dialog=True)
[2025-11-18 22:51:03] [DIALOG] Démarrage du travail (simulation dialogue)
[2025-11-18 22:51:06] [DIALOG] Travail terminé → dialog_active = False
[2025-11-18 22:51:06] [FSM] WAIT_CAR activé | (wait_car=True, qr=False, face=False, dialog=False)
[2025-11-18 22:51:06] [WAIT_CAR] Activation par la FSM → attente du signal /car_arrived_to_fall
[2025-11-18 22:51:27] [WAIT_CAR] Signal reçu : car_arrived_to_fall = TRUE
[2025-11-18 22:51:27] [WAIT_CAR] Voiture détectée -> Fin d'étape WAIT_CAR → wait_car_active = False
[2025-11-18 22:51:27] [TTS]: envoi → 'The car has arrived'
[2025-11-18 22:51:28] [FSM] QR activé | (wait_car=False, qr=True, face=False, dialog=False)
[2025-11-18 22:51:28] [QR] Démarrage du travail (simulation scan QR)
[2025-11-18 22:51:30] [QR] Travail terminé → qr_active = False
[2025-11-18 22:51:32] [FSM] FACE activé | (wait_car=False, qr=False, face=True, dialog=False)
[2025-11-18 22:51:33] [FACE] Face: UNKNOWN (0.93)
[2025-11-18 22:51:33] [FACE] Activation par la FSM (sf.face_active = True)
[2025-11-18 22:51:33] [TTS]: envoi → 'Face recognition activated'
[2025-11-18 22:51:33] [FACE] Face: UNKNOWN (0.95)
[2025-11-18 22:51:33] [FACE] Face: UNKNOWN (1.04)
[2025-11-18 22:51:34] [FACE] Face: UNKNOWN (0.97)
[2025-11-18 22:51:34] [FACE] Face: UNKNOWN (1.11)
[2025-11-18 22:51:34] [FACE] Face: UNKNOWN (1.10)
[2025-11-18 22:51:35] [FACE] Face: UNKNOWN (1.09)
[2025-11-18 22:51:35] [FACE] Face: UNKNOWN (1.03)
[2025-11-18 22:51:35] [FACE] Face: UNKNOWN (1.02)
[2025-11-18 22:51:36] [FACE] Face: UNKNOWN (0.91)
[2025-11-18 22:51:36] [FACE] Face: Gaspar (0.76)
[2025-11-18 22:51:36] [FACE] LOG ENTRY envoyé pour Gaspar
[2025-11-18 22:51:36] [FACE] Visage connu détecté, fin de l'étape FACE → sf.face_active = False
[2025-11-18 22:51:36] [TTS]: envoi → 'Gaspar has been detected'
[2025-11-18 22:51:36] [FACE] Désactivation par la FSM (sf.face_active = False)
[2025-11-18 22:51:36] [FSM] DIALOG activé | (wait_car=False, qr=False, face=False, dialog=True)
[2025-11-18 22:51:37] [DIALOG] Démarrage du travail (simulation dialogue)
[2025-11-18 22:51:40] [DIALOG] Travail terminé → dialog_active = False
[2025-11-18 22:51:40] [FSM] WAIT_CAR activé | (wait_car=True, qr=False, face=False, dialog=False)
[2025-11-18 22:51:40] [WAIT_CAR] Activation par la FSM → attente du signal /car_arrived_to_fall
